static const char kernel_config_data[] __used = MAGIC_START
	"\x1f\x8b\x08\x00\x00\x00\x00\x00\x02\x03\x94\x3c\x4b\x73\xdb\x38"
	"\x93\xf7\xf9\x15\x2a\xcf\x1e\x76\x0f\x93\x58\xb6\x2c\x3b\xb5\xe5"
	"\x03\x48\x82\x12\x46\x24\x41\x13\xa0\x64\xf9\xc2\x52\x6c\x25\xe3"
	"\x1a\x3f\xf2\xc9\x4a\xe6\xcb\xfe\xfa\xed\x06\x48\x11\x00\x01\x39"
	"\x5f\x0e\x29\x13\xfd\xc0\xab\xd1\x2f\x34\xf4\xfb\x6f\xbf\x8f\xc8"
	"\xf7\xfd\xeb\xf3\x66\xff\x78\xbf\x79\x7a\xfa\x39\xfa\xba\x7d\xd9"
	"\xee\x36\xfb\xed\xc3\xe8\xcb\xe3\xd3\xf6\x7f\x47\x09\x1f\x15\x5c"
	"\x8e\x68\xc2\xe4\x07\x40\xce\x1e\x5f\xbe\xff\xfb\xe3\x66\xf7\x3c"
	"\x9d\x8c\x26\x1f\xc6\x93\x0f\xe7\x17\xd3\x3f\xc4\x7e\xf3\xf9\x69"
	"\xfb\xc7\xf8\xc3\xe9\x68\xb1\xdd\xbd\x6c\x9f\x46\xf1\xeb\xcb\x97"
	"\xc7\xaf\xdf\x81\xd1\xe3\xeb\xcb\x6f\xbf\xff\x16\xf3\x22\x65\xb3"
	"\x86\x54\xf9\x74\x72\xfd\xb3\xfb\x9c\x4e\x22\x26\xfb\x4f\x52\xc5"
	"\xf3\xa6\x9c\xaf\x45\x43\x92\xa4\x6a\xa4\x0b\xcf\xf3\xda\x44\x06"
	"\x56\x4d\x49\x66\xb4\x11\x73\x96\xca\xeb\xf1\x99\x0d\x82\x0f\xd9"
	"\x82\x26\x56\x0f\x79\x4e\xca\xa6\x2a\x92\x06\x98\x8b\x26\x67\xc5"
	"\xf5\xf8\xea\x18\x02\xb9\xbd\x3e\x0b\x70\x88\x79\x5e\x12\x69\x30"
	"\x1a\xff\x02\x1e\xf0\x1b\x4f\x3b\xbc\x82\x37\x8c\x97\xbc\x92\xd0"
	"\x5e\xf6\xb3\x13\x92\xc4\x0b\x59\x91\x18\x66\x57\x97\x08\xef\x61"
	"\x2c\xcb\xe8\x8c\x64\x4d\xc9\x59\x21\x69\xd5\x2c\x49\x56\xd3\xeb"
	"\xd3\x7f\x3f\x6c\x37\x0f\xa7\xc6\xbf\x0e\x3f\xe3\xf1\x22\xa1\xe5"
	"\x90\x91\xe6\xcf\xaa\x9b\x34\x23\x33\x31\x84\x57\x2b\x41\xf3\xe6"
	"\x36\x9e\xcf\x60\x3f\x1a\x92\xcd\x78\xc5\xe4\x3c\xef\x11\x66\xb4"
	"\xa0\x15\x8b\x9b\xa8\x9e\x79\x1b\x9b\x8a\x66\x44\xb2\x25\xed\xc6"
	"\x2a\x86\x68\xf3\x15\x65\xb3\xb9\x1c\x02\x62\x51\x7b\xba\x8a\x49"
	"\xc6\xa2\x8a\x48\xda\x24\xc0\x7b\xdd\x23\xdc\xf1\x02\xda\x72\xd2"
	"\xb7\xcc\x09\x74\xdc\xd1\xcd\xea\xd2\x11\x34\xc0\x0d\xc8\x59\x41"
	"\x69\xa2\xc0\xb8\x7d\xb0\x13\x92\x3a\x30\x31\x53\xe0\x8c\x16\x33"
	"\x39\x37\x36\x2d\x37\x77\x70\xc5\xb8\xcc\x22\x63\xdb\x38\xc8\x6f"
	"\x33\xa7\x59\x49\xab\xbe\x75\x41\xab\x82\x66\x4d\xce\x13\x0a\xbc"
	"\x79\xd1\x43\x52\x76\xdb\x50\x52\x65\x6b\xf8\x6e\x72\x6a\xac\x45"
	"\x39\x93\x24\xca\x28\xf4\xbf\xa4\x99\xb8\x3e\xb7\xa6\xd5\xee\xa2"
	"\x68\xea\xb2\xe2\x11\x15\xee\xf1\xaa\x78\xdc\x2c\x62\x5e\xd1\x46"
	"\xd2\x5b\x63\xd2\x09\x4d\x3b\x79\x61\x42\x5e\x9f\x7c\x7c\x7a\xfc"
	"\xfc\xf1\xf9\xf5\xe1\xfb\xd3\xf6\xed\xe3\x7f\xd5\x05\xc9\x29\x6e"
	"\x27\x25\x82\x7e\xfc\x70\xaf\x8e\xf7\x09\xe8\x83\x4e\x94\x38\xcf"
	"\x0e\x12\x84\x78\xd5\xe8\xf1\x6d\xf4\xf2\xba\x1f\xbd\x6d\xf7\x87"
	"\x15\xa8\x6e\x9a\x15\xaf\x16\x7d\xa7\x51\xcd\xb2\x44\x32\x60\x0d"
	"\x63\x51\x73\x12\xb6\x84\xce\x2b\x4a\x92\x86\x15\x29\x1c\x93\xa2"
	"\x91\x44\x20\x31\xe8\x93\xdf\x47\x33\xa5\xa7\x9e\x90\xff\xf7\x6f"
	"\xbd\x86\x61\x05\x93\x0d\x2d\x96\x30\x5b\x9c\x49\x0e\xfb\x7a\x7e"
	"\x50\x0c\x71\xc5\x85\x50\x87\x91\x65\xf4\xfa\xc4\x18\x7f\xdb\x06"
	"\x6b\x22\xa4\x67\xe4\x70\x84\x48\xb6\x04\xf9\x65\xb0\x43\x27\x7f"
	"\x7c\xdb\xee\xbe\x9c\xf8\x60\x0d\xa9\x25\xb7\xd6\x94\xd4\x99\x6c"
	"\xe6\x5c\x48\x5c\xc0\xeb\x93\xff\x7e\x79\x7d\xd9\xfe\xcf\x49\x2f"
	"\x24\xea\xd0\x1f\x86\x21\xd6\x62\xc9\xca\xd8\x1c\xc1\x01\x56\x72"
	"\x01\x12\x91\xdf\xd4\xb4\xa6\x9e\x21\xea\xb9\x81\x9c\xf0\x6a\xdd"
	"\x10\x09\xfa\x63\x6e\x72\x4e\xe7\xa4\x48\x32\xea\xe5\x5c\x0b\x0a"
	"\x87\xca\xc3\x93\xd4\x89\x79\x2e\xd4\x81\x52\x52\xa4\x00\x30\x58"
	"\x98\x79\x66\x08\x58\xb8\xb5\x59\x11\x19\xcf\xdd\x46\x59\x51\xda"
	"\xed\x27\x08\xc7\xe8\xed\xfb\xe7\xb7\x9f\x6f\xfb\xed\x73\xbf\x9f"
	"\xdd\xf9\x45\xd9\x51\x02\x3d\x54\x09\x08\x12\x73\xbe\x0a\x43\xf4"
	"\x49\xf1\xc3\x69\x9a\xd2\x58\xe9\x28\x92\xa6\x70\xe2\xc5\xc2\x8f"
	"\x97\xb3\x19\xa8\x1d\x66\x9e\xd0\x39\xa9\x12\x00\x81\xdc\xaf\x40"
	"\xe4\x05\x2d\x12\xe3\xb4\x03\x49\xc2\x73\xc2\x0a\x5f\x5b\x33\x67"
	"\xb4\xc2\x95\x5c\x9b\xdc\x70\x83\x3a\x04\xc0\xb5\x09\x53\x5e\xc5"
	"\xa0\x7a\xf4\x89\x60\x85\xa1\x70\x45\x49\x2a\x41\x6d\x0a\xb5\x4b"
	"\x31\x6a\x7e\xc1\x6b\x20\x6c\x12\x22\x0d\xd5\x68\x42\xc0\x7c\xb0"
	"\x04\x15\x6a\x46\x84\x6c\xe2\x75\x9c\x79\xd6\x58\x9d\xd1\xe5\x60"
	"\x6f\x0f\x5a\x19\xf9\xc1\x1a\x17\xd2\xd5\x37\x73\x22\x80\x38\x5e"
	"\x34\x51\xc5\x49\x12\x43\x17\x47\xa9\x2d\x34\x25\x17\xf2\xf1\x79"
	"\xbb\x7b\xf3\x89\x86\x62\x0b\x5a\x1f\x76\xd8\x54\xde\xbc\x99\xdf"
	"\xe1\x79\xce\xd5\x56\x1d\x84\x1c\x1a\x41\xf1\x32\x9e\xb0\xd8\x23"
	"\xe9\x9a\x8a\x25\x6a\xee\x07\x1a\xdd\x9a\xd6\x59\x16\x22\x31\xb6"
	"\x0f\xac\x18\x4a\x81\x5a\x2a\x65\xe8\xd4\xf0\xe3\xb2\xfe\x28\x37"
	"\x6f\x7f\x8f\xf6\x30\x8f\xd1\xe6\xe5\x61\xf4\xb6\xdf\xec\xdf\x46"
	"\x9b\xfb\xfb\xd7\xef\x2f\xfb\xc7\x97\xaf\xce\x84\x80\xa0\x21\x71"
	"\xcc\xeb\x42\xea\x5d\x3e\x8c\x66\xc9\x40\xb5\xda\x60\x5c\x42\xef"
	"\x91\x46\x89\x51\x7b\xd6\xe3\x7a\xf1\x44\x3c\x07\xa1\x5a\x91\x4c"
	"\x7a\xc1\x91\x48\x94\xc5\xa0\xa0\x5a\x80\x93\x4f\x35\xa2\x4e\x46"
	"\x1b\x29\xcc\xa1\x62\xa3\x36\xd0\xc7\xc8\x9a\x5b\x04\x1a\xda\x1e"
	"\xdb\x18\xb7\xa7\xdf\x69\x3f\xc1\xcc\x0e\xe0\xf3\xa0\x5d\x13\x26"
	"\xd0\x74\x24\x66\x2f\x6a\xed\xab\xb8\x1e\x89\xa1\xdc\x94\xa0\x75"
	"\xf2\x12\xac\x54\x5c\x9b\x2c\xe1\x13\xac\x10\xc8\x88\x6f\xb8\x42"
	"\x23\x1f\x1c\x27\x4a\xdd\x26\x5c\x86\xc6\x6a\x42\x86\xb0\x32\x59"
	"\xd6\x4b\xa3\x01\xd1\x8e\x04\x9d\xc5\x91\xb2\xb7\xb6\x49\x04\x4f"
	"\xb1\x38\x8b\x0d\x05\xb0\xd0\x7f\x0c\x5b\xd4\xf6\x98\xd3\x60\x8b"
	"\x39\x28\x08\x90\x40\xaf\x19\x43\xfe\x69\xe7\x30\x5f\x9a\xed\x28"
	"\x58\xe0\x9a\x9a\xf0\xb3\x7e\xc5\xc0\x7b\x5b\x34\x82\xa4\xd4\xe5"
	"\x71\xee\x1e\x66\x2d\x51\xea\x48\x77\x67\x40\xdc\xff\xb5\x45\x3f"
	"\x62\x37\xfa\xb2\xdd\xec\xbf\xef\xb6\x6f\xfd\x66\xd4\x71\x46\xf2"
	"\xb2\xb3\xec\x76\xe3\xac\xe2\x75\x89\xf6\x1a\x84\xc1\xb0\xe2\x2d"
	"\x14\x9d\x33\x5e\x96\xf6\x79\x2d\x32\x56\x80\xd3\xd4\xa4\x15\xbd"
	"\x69\x62\x99\x0d\x64\x22\x25\xac\x52\x03\x52\xe3\xd9\x7f\x7f\xc1"
	"\xc8\xc5\x18\x4f\x49\x41\xa2\x6a\xc9\x32\xd0\x5c\x59\x9a\x31\x98"
	"\xf1\xf9\x99\x25\x79\x43\x84\xf1\xd4\x6f\xb0\x87\x98\x57\x3e\x23"
	"\x6b\x79\x6d\x45\x0d\x8e\x65\x44\x32\x52\xc4\x96\xfc\xc7\x7a\x31"
	"\x8c\x03\x81\x91\x8f\x5a\x1a\xd3\x9d\x04\xfb\x1f\xcf\x9c\xcf\xce"
	"\xcb\x18\xb4\x81\x9f\xa4\x0e\x8e\x39\xbd\x28\x5b\xb4\x7d\xf9\x7c"
	"\x0c\x05\xd0\x5b\x6c\x38\xaa\xb0\xa4\x8d\x0d\xe9\xfd\xaa\x14\x54"
	"\x3a\x18\xb6\x15\x4b\xe4\xdc\xbb\x4a\xa0\xd3\x0c\x5a\x4f\xa7\x86"
	"\x84\x68\x4c\x8b\xbf\xa6\x2d\x59\x22\xbc\xdc\x5b\x78\x05\xee\x7a"
	"\x78\x3e\x20\x2c\xf4\xce\x5c\x45\x38\x0b\x82\x9a\xa6\x4c\x79\xcd"
	"\xd0\x49\x0b\xf1\x8c\x20\xa1\x4b\x16\xd3\x70\x1f\x40\xd8\x2a\xbb"
	"\xc1\xd8\x69\x95\x86\xe9\xa2\x32\xf5\xf6\x06\xd1\x95\x4f\x4d\xf1"
	"\x78\x71\xc0\xd1\x16\xbf\x27\x9d\xd3\x78\xa1\xe2\x30\x34\x53\x12"
	"\x22\x00\x9f\x51\x03\x2f\x15\xfc\x89\xd8\x8c\x1b\x6a\x14\x4b\x4b"
	"\xbd\xc3\x1a\x54\xd0\xe4\xa1\xc7\x35\x2a\x84\x19\x2e\x49\x87\x56"
	"\xeb\x07\xf4\x93\x43\x52\xa6\x31\x64\x5d\xd0\xa1\x27\x0d\x3d\x37"
	"\xa8\x68\x66\x60\x58\x56\xa4\xa2\x8e\xf3\x0c\xd2\x06\x91\x6e\x45"
	"\x63\xf0\x67\x12\xbf\xb8\xa1\x51\xf2\x74\x8a\x72\x0f\x7b\xa8\xe2"
	"\x87\xca\xf4\xe3\xf0\x9b\xe4\xc0\x58\xbb\x4b\x18\x35\x74\xac\x92"
	"\x66\x76\xc7\x2c\x71\x84\xa6\x08\x9a\xce\xfc\x5d\x27\x4d\x76\x67"
	"\xcb\xa1\x09\xbb\xbd\x0b\x53\xf1\x30\x68\xe2\x93\x9d\x18\x34\x23"
	"\x98\x7f\x76\x47\xd1\x6f\x54\x22\xc6\xab\x1c\x74\x8a\xb5\x60\x2e"
	"\x9a\x80\x3f\x7c\xfb\x01\x5e\x9f\xcc\x9c\x30\xa0\x66\xc9\x78\x6a"
	"\xf8\xa0\x0a\x07\xec\x67\x4c\x4b\x74\x92\x75\x6e\xc1\xb0\x6a\x4a"
	"\x8c\xdb\x0f\x6d\x65\x0d\x01\xb3\x79\xe5\xb0\xd1\x0c\x45\xcc\xda"
	"\xdc\x19\x95\xe8\x9c\x37\xad\x0f\xea\x1f\x27\x6e\x93\xeb\xa3\xb6"
	"\x43\x1b\xb4\xeb\x78\xea\xe0\xad\x75\xf1\x38\xe0\x88\x75\x6e\x89"
	"\x6c\xd7\xd6\x38\xfd\x7a\x10\x22\xc1\xb3\x1a\x7c\x69\x98\x20\x9c"
	"\xf8\xe3\xc8\x11\x84\xd2\x87\x0c\x89\xef\x2c\x29\xab\x6b\x7a\x06"
	"\x86\x66\xa7\x59\xda\x60\x14\x6f\x80\x91\x1d\xfa\xaa\x86\x66\x86"
	"\xa1\xdc\x3a\x9f\x70\x44\x0d\x2e\x25\xb7\x96\x8a\xcd\x0a\x30\x55"
	"\x86\xf8\xab\xe5\x31\x1b\x94\x9b\x6e\x36\xc0\xce\x0e\xd7\x16\x1b"
	"\xff\x84\x00\x8f\x64\x2b\xb2\x16\x8d\xe9\xfb\x88\xb9\x95\xcb\x20"
	"\xcc\x88\x97\x49\xb2\x64\x30\x89\x96\x9d\xb5\x07\xc8\xb1\x2e\x60"
	"\x49\x96\x07\x5d\xc0\x53\x9f\xde\x44\xc1\x51\x70\x73\x90\x7d\xe4"
	"\x6a\x80\x31\x63\xc7\x6d\xdb\x19\x91\xaa\x62\xa6\x25\x80\x26\x9a"
	"\x24\xd4\x65\x85\x07\xaa\x39\xc4\x3b\xbd\xc5\x8f\xc7\xa7\x93\x81"
	"\xcb\xd1\xa6\x44\xcb\xed\xee\xcb\xeb\xee\x79\xf3\x72\xbf\x1d\xd1"
	"\x1f\xdb\x17\x08\x02\x08\x84\x03\x31\x86\x01\x10\xe1\x98\x2e\x88"
	"\x97\xb9\xd2\xf9\x1a\x88\x5a\x70\x99\xc3\x12\x71\x5f\x2c\xb3\xcc"
	"\x35\x75\xe7\x1d\xd8\xea\x37\xab\xa3\xa1\xf9\xb0\xc1\xad\x87\xa0"
	"\x8e\x13\x2f\x7c\xfa\xa5\x4d\x67\xaa\x54\x8e\x41\x4b\x7c\x49\x04"
	"\x64\x69\xa3\x71\x3f\x1a\xc1\x9e\xab\x19\xed\x36\xd8\xe5\xad\xec"
	"\x34\x3a\xcb\x4d\x05\x1e\x05\xcf\x03\x13\x30\x11\x31\x42\x07\x73"
	"\x91\x04\x86\xa5\x9c\x5e\x88\x9e\x25\x23\xb6\xc2\x90\x34\x57\xf6"
	"\xb3\x59\x82\x4f\x9b\xb2\xd8\x09\xfc\xc1\x1d\x48\x59\x66\xf9\x67"
	"\x4a\xdf\x29\xeb\x6a\xab\x0e\x9d\x84\xf3\x0e\xf5\xcf\x1a\xdc\x1a"
	"\x18\x2e\xf5\x29\xb3\x3e\x7b\xd7\x47\xb0\x28\x79\x2a\x55\x09\xe7"
	"\x0a\x4e\x2a\x9a\xd1\x18\x43\x33\x0f\xb9\xc2\xa5\x29\x0c\x9d\xa1"
	"\x24\xd4\x85\x4d\xe1\x88\xf3\xc2\x4d\x15\xea\xd6\x8a\x4a\x2f\x40"
	"\x1d\x24\x35\xe1\x39\xe7\x0b\x07\x88\x89\x51\x4c\xbd\xb3\x59\xcd"
	"\x6b\x4f\xbe\x57\xc0\xa4\x31\xce\x6e\x33\x19\x9e\x64\x0b\x02\x51"
	"\x2f\x41\x74\x24\x07\x59\x5b\xcc\x27\x80\xad\x92\x2c\x5d\x77\x16"
	"\x79\x88\x00\x84\x6d\x26\xcc\x19\x5c\x45\x67\xa0\xa4\x8b\x44\xe7"
	"\xd7\xdb\xc5\x68\x88\xa9\x12\x15\x5e\x9c\xf9\xa6\x05\x78\xfa\xe8"
	"\x38\xb0\xf9\x0a\x8e\x02\x25\xda\xb9\xf2\x69\x0a\xec\xd6\xd7\xae"
	"\xfc\x28\x3d\x94\xa4\x36\x93\xc7\xfd\x32\xf7\x42\xe2\x4e\x05\x62"
	"\x48\x9d\x32\x4d\x75\x16\xcd\x22\x6d\x77\x5b\xc8\xaa\x8e\xa5\x8a"
	"\x15\xdc\x19\xe6\x25\x26\xf6\x75\xf6\x32\x00\x4b\x78\x1d\x65\xee"
	"\xfa\xae\x88\xd2\x2c\x4a\x01\xb0\x32\x6e\x74\xf2\xa9\xcb\x8d\x7a"
	"\x66\x20\x68\x8c\xe8\x0d\x9c\x18\x2b\x54\x09\xb5\xeb\xb4\x3d\xf8"
	"\x26\x65\x56\xcf\x98\xed\x3c\x1a\xcd\x21\xa1\x07\x0c\xb5\xa2\x20"
	"\xb9\x92\xc6\xd2\x54\xf0\x3e\x90\xe9\x0c\xd9\x40\x8c\x26\xfd\xf9"
	"\xd2\x21\x2a\x6c\x70\x9d\x91\xca\xef\x8a\x39\xb8\xb0\x27\xdc\xd2"
	"\x1c\x73\x56\xa8\x95\x02\x2f\xc0\x9a\x6c\x26\xf9\xbb\xe1\x22\xe0"
	"\x80\xb0\x12\x93\x9f\x8d\x80\xdc\x33\x33\x27\x8d\x14\x38\x33\xa7"
	"\x27\xcd\xe5\xdd\xfe\xc4\x9c\x24\x7c\x85\xb7\x30\x99\x9e\x97\x91"
	"\xd4\xe0\x65\xd3\xce\x12\x1d\x40\xb7\x8f\x01\x65\x70\x03\x41\x79"
	"\xd0\x5b\xa9\x14\xcc\xc2\xd2\xb1\x0a\x1c\xc8\x82\x39\x58\x9e\xfc"
	"\x97\x83\x91\x73\x3c\x85\x75\xe2\x6d\xce\x93\x80\xca\x2b\x30\xd9"
	"\x8a\x1a\x75\x5e\xcf\xa8\xe7\x58\x69\x15\x04\x30\xb4\xcf\xe5\x80"
	"\x77\xd2\x2e\x67\x49\x63\x34\x2b\x86\xef\xc1\x93\x3a\xa3\x42\xc7"
	"\x37\x59\xaa\xdc\x42\x8f\x62\x53\x20\x65\xfc\xc0\x55\xf7\x75\x6d"
	"\x5d\x5d\x3a\x0c\x6c\x58\x7f\xe7\xe9\xa1\x36\xee\x2b\x43\x4c\x4c"
	"\x94\xf1\xd8\xb1\x52\xdd\x80\xfd\x21\x3f\x13\x04\x9c\x59\xa5\x77"
	"\x7d\x27\x26\xc3\x9b\xbc\x08\x36\x1f\x02\xbc\xc4\xe8\x9f\x67\x09"
	"\x7a\xa8\xa2\x86\xe5\x2b\x92\x73\xe3\x5c\xeb\xa1\xb4\x70\x12\xb7"
	"\xc6\xba\x3f\xaf\x20\x2d\x05\x37\xcc\x61\x9a\x06\xd5\x87\x1a\xf9"
	"\xb2\xbd\xf8\x33\xc5\xdb\x6a\x3b\xb0\x56\xe8\x5c\x85\x3c\x24\xeb"
	"\x2e\xf3\xaa\xd5\xad\x77\xde\x21\xe4\xce\xe1\x09\x9d\x3e\x65\xd2"
	"\x24\xd8\x46\x69\x10\x99\x77\xc5\x41\x90\x4b\xae\xc5\xcc\x4b\x6e"
	"\x81\x8c\x70\x39\x55\xe7\x27\x94\x04\x3f\x74\x80\x57\x7e\x87\xab"
	"\xb9\x98\x2f\xff\xf8\xbc\x79\xdb\x3e\x8c\xfe\xd6\xbe\xef\xb7\xdd"
	"\xeb\x97\xc7\x27\x2b\xd9\x7d\xa0\x44\xec\xd6\xa3\x42\xc3\x95\x05"
	"\x2e\x70\xb5\x5f\x31\xa7\x78\xfa\x0c\xa5\x03\x03\xc7\xa8\xc6\xf4"
	"\x51\x54\x20\x24\xd0\x3d\xbe\x3e\x75\xce\x97\x39\xb5\x76\xc2\xea"
	"\x5e\x05\xcc\x20\xf1\x39\x89\x2d\x4e\x5d\x20\x3c\x48\xac\xc1\x7e"
	"\xf2\xd6\x30\x0a\xf7\xa8\x63\xfa\xf8\x70\x69\xa8\x26\xed\xf2\x06"
	"\x51\xf6\x4a\x51\x0b\x46\xa1\xaf\x1c\xe7\xaf\xcf\xbf\x57\x2c\x87"
	"\x61\x81\x36\x49\x9a\x05\x06\x9b\xc1\xb9\x09\x9d\xcc\xce\xc0\x91"
	"\x33\x7d\xad\xa8\xcd\xdf\x1a\xd9\x11\x11\x0b\x06\xdb\x7c\x53\x53"
	"\x21\xdd\x8c\x21\x66\x4e\x22\xe1\x1f\xaf\x01\x77\x6e\x19\x07\x28"
	"\x58\x23\x30\xab\x98\x5c\x1f\xc5\xc2\x9b\xfe\x24\x88\x11\xe7\x09"
	"\xe6\x80\xb5\x5f\x52\x05\xd1\x56\x91\x0c\xc2\x70\xd5\x78\x49\xb2"
	"\x40\x9a\x88\xa9\x24\x73\x43\x8b\xb8\x5a\x97\x76\x60\xe0\x05\x37"
	"\x29\x6c\x70\x44\xfa\x7c\x78\xb9\xd9\xed\x1f\xb1\x30\x66\x24\x7f"
	"\x7e\x53\xc9\xe7\x3e\x82\xc4\x60\x44\x11\x41\x2c\x8c\xf9\x1a\xaf"
	"\x58\x89\x84\x8b\x1e\xd5\x88\x56\x53\xe6\x6b\x56\x9b\xd9\x6a\x49"
	"\x7b\xac\xf9\x8d\xb2\xa7\x2a\x06\xd7\xb7\xb0\xbc\xcf\xd6\x1b\x21"
	"\x29\xe3\x3a\x29\x57\x70\x5e\x9a\x15\x0d\xba\x35\x01\x3f\x1e\xe7"
	"\x3c\x84\xc4\xe9\x8d\x1d\xc2\xb6\x37\x36\x2d\x81\x67\x6e\x1d\x4a"
	"\x80\x12\x07\x70\x84\xaa\xed\xf7\xfa\xe4\xfe\xcb\xbf\x0e\x79\x3a"
	"\x98\x64\x78\xa4\x06\x70\xb1\x8e\xec\x9c\x53\x07\x88\xd2\x1b\x9f"
	"\xea\x13\xc5\xd8\xc8\x61\x15\xed\xbe\x8b\x12\xdc\x39\xd4\x08\xe6"
	"\xf9\xb1\x9d\x28\x22\xc1\x7e\xc7\x4d\x95\xaf\xcc\xa4\x17\xe6\x66"
	"\x14\x31\x6c\x3e\x5f\x15\xa6\x4b\xac\x0b\x71\x02\x40\xb5\xb9\x01"
	"\xd8\x6c\xc1\x9a\x39\x4b\x20\x06\x6e\x66\x60\x04\x75\xab\x70\xe0"
	"\x20\x99\xa0\x05\x38\x16\x9c\x18\xb9\xa2\x43\x4e\x5c\x8b\xec\xd3"
	"\x66\x8f\xd9\x0b\x58\x80\xa7\xed\x7d\x5b\xd4\x65\x1b\x36\x6d\x77"
	"\x45\xd8\xf2\x89\xba\xb8\x65\x61\x30\xc9\x4a\x16\x70\xb8\x15\x3c"
	"\x8a\xf3\xb3\xab\xf3\x8b\xa3\x08\x10\x91\x54\x3c\x3e\x82\x42\x2b"
	"\xd8\xa4\x23\xf0\x2a\xce\x85\x8c\xc2\x08\xf4\x76\x5d\xf0\x23\x73"
	"\xcc\xc8\x1a\x94\x7a\x4c\xca\x23\x13\xc9\x66\xe3\x45\x18\x3a\x67"
	"\xe2\xc8\x22\xe5\x34\x61\x44\x52\x3f\x7d\x2e\x41\xfb\xcc\x0a\xac"
	"\xed\x11\x22\xf2\xea\x7c\x82\x3c\xe4\xf4\xf2\xea\xc2\xb2\x38\x87"
	"\xe6\xb1\x9f\x71\x07\x9f\x5e\x1c\x87\x5f\xbe\x47\x7f\x75\x1c\x7e"
	"\xfe\xe9\x18\xfc\x6a\x3c\xbd\x7c\x07\x7e\x9c\xff\xd5\xd5\xf1\xf1"
	"\x5f\x5d\x9e\x1f\x87\x9f\xbf\x03\xbf\xbc\x3c\x0e\xbf\x78\x87\xfe"
	"\xd3\xf9\xb1\xad\x17\xfc\x88\xe8\xe6\x4b\x1a\xd5\x61\xf0\x4d\x1c"
	"\x48\x98\x29\x68\x45\x49\x16\x92\x2a\x8d\x00\x4a\x06\x22\xd4\xf2"
	"\xc8\xe9\xa6\x44\xca\x8c\x1e\xeb\xa3\xa0\x82\x1c\xd3\x0f\x12\x0b"
	"\x6c\x6e\xc7\xa7\x61\x14\x74\x0f\xc8\x11\x0e\x65\x95\x1c\x21\x9e"
	"\xd7\x45\x12\x70\x09\x4c\x84\xb3\x30\x06\x68\xf9\x12\x4b\x77\xc2"
	"\x18\x4b\x7a\x1b\x76\xcb\x34\x46\x9d\xc5\xe4\xc8\x46\xde\xa2\xc7"
	"\x1b\x06\xdf\x1d\x89\x2d\xee\xd6\xc5\x4d\x5e\x0e\x12\xd0\xd1\x77"
	"\xac\x9f\xf9\xf6\xed\x75\xb7\xb7\x7c\x8d\xd8\xaf\x68\xa0\xbd\xad"
	"\x42\x12\xef\xc1\x3b\xef\x3c\x88\xe7\xb9\xad\x51\x43\x48\xb6\x6f"
	"\x8f\x5f\x5f\x56\x9b\xdd\x76\x84\xc3\x88\x5f\xe1\x0f\x71\x18\xa2"
	"\x36\x39\xd0\x4e\x5f\x1e\xbe\xbd\x3e\xbe\xb8\xc3\x06\xe7\x2a\x51"
	"\xc9\xb6\x50\xae\x3d\xed\xeb\x0c\x54\x33\xa9\xf2\xd1\x76\xb7\xdb"
	"\xec\x37\xa3\x7f\x5e\x77\x7f\x6f\x76\xaf\xdf\x5f\x1e\xde\x46\x3f"
	"\x1e\x37\xa3\xfd\x5f\xdb\xd1\xe6\x69\x0f\x74\x9b\xfd\xe3\x8f\xed"
	"\xdb\xe8\xcb\x6e\xf3\xbc\x45\x2c\xa7\x6c\xb9\xa1\x15\xc8\x67\x9d"
	"\x37\x57\x67\xd3\xf3\xf1\x27\xb7\x12\xb9\x87\x5e\x1e\x85\x4e\x4e"
	"\xa7\x61\xe8\xf8\xd3\xe4\xf2\x2c\x08\x3d\x3f\x3b\xbd\xbc\x08\x42"
	"\x27\x17\x97\xaa\x5f\x43\x24\x6c\xf8\xf9\x64\xfc\xc9\x1b\xc2\x99"
	"\x68\xe3\xd3\xb3\xc9\xe5\xf8\x2a\xd4\xcb\x78\x7c\x75\x05\x5a\x32"
	"\x08\xbe\x9c\x9c\x9d\x7e\xba\x0a\x8f\x62\x7c\x31\x39\x9b\x8c\x7d"
	"\x65\x10\x31\x59\x32\x40\xe8\x10\xcf\xce\xce\xcd\xb9\xba\xd0\x73"
	"\x60\x14\x86\x5e\x4e\x2e\xa6\x41\xe8\xf9\xe9\x78\x6c\x70\x46\xc5"
	"\x88\x1e\xfa\x82\x57\xc6\x22\x9c\x9e\xbf\x8b\xf1\xc9\xc1\xb8\x49"
	"\x52\xd8\xdc\xd3\x03\xca\xe9\xe9\xf4\x9d\x6e\xe8\xf8\x74\x32\x76"
	"\x97\x72\xb2\x50\xe9\x5a\x31\x5c\xc3\xf1\xb4\x05\x05\x14\x00\xe2"
	"\x4c\x27\x1e\x1c\x0b\x63\x49\x74\x19\xfa\xb9\x47\x56\x3a\xd8\xe4"
	"\xea\x3d\xf2\xeb\xf3\x4f\x76\x7e\x25\xc2\xf0\xa3\x00\xe7\xa4\x08"
	"\xde\xe8\xe7\xf1\xb0\x0e\x40\xe4\xbe\xac\x47\x51\xa9\x42\x8b\xeb"
	"\x3e\x45\xc5\x25\xa6\x7d\xb1\xd5\xaa\xf7\xa9\xbd\x65\x1d\x73\x8e"
	"\x71\x2d\x38\xc4\x77\x4e\x0e\xb2\xab\xfc\x0a\x66\x76\x3b\x84\x25"
	"\xcf\xea\x42\x92\x6a\xed\xbd\x96\x55\x38\xe6\x6d\x90\x26\xd2\x75"
	"\x4a\x76\xc9\x21\xc8\x89\x6f\x80\x00\xb8\x3a\x75\x50\xcf\x2e\xfc"
	"\x86\x0f\x40\xe7\xa7\x41\x10\x74\xe0\xef\xe1\x1a\x7a\xb0\xd7\x7f"
	"\x5e\x61\x81\x61\x28\x28\x69\xaf\x17\x41\x76\xd4\xbd\xa2\x27\x87"
	"\xa4\x97\x55\xdf\xab\x60\xbd\x7a\xe6\xb2\x52\x21\x37\xc0\xdb\xba"
	"\xa2\x20\xb8\xbf\xdf\xb3\x1d\x88\x8c\xc6\xdd\xbd\x4d\xe3\x74\xd0"
	"\xe7\xe6\xca\xb4\xd0\x25\xab\x06\x70\xe5\xdc\x99\xf6\x17\x79\xfd"
	"\xfc\x30\x29\x2b\xb3\x28\x15\xbe\xfb\x0c\x95\xb1\x2d\xf3\x04\xb3"
	"\xd4\x95\xef\x46\x29\x06\x0f\x8d\x36\x3a\xc0\xb3\x52\xaf\x47\x47"
	"\xdd\x4f\x39\x27\x45\x4d\x7c\x10\x37\x45\xac\xf9\x94\xaa\x9c\x58"
	"\xfa\x38\xd1\x5b\x59\xc1\x1f\x3e\xd0\x12\xfe\xcb\x0f\x65\x5d\x47"
	"\x30\x86\x9d\x3a\xf9\x9e\x82\x37\x11\xe7\xd2\x1a\x5f\x3b\x34\x26"
	"\x78\x46\xdc\x0c\xab\x62\xd3\x52\xe8\x6a\xfd\x02\x56\xc2\xa7\x09"
	"\xca\x8c\xc9\xa6\x94\x3a\x23\x81\x67\x7c\x62\x65\x71\x63\x3b\x73"
	"\xe1\x29\xba\xf6\xbd\x0f\xea\xb3\x37\x70\x04\x63\xff\xd1\x5e\x88"
	"\xfc\x48\xe2\x40\xad\x5b\x8e\x17\x31\xc0\xf9\x7a\x72\xfa\x69\xea"
	"\x3f\x25\xed\x22\xa4\x84\x65\xb5\x5d\x7d\x64\x43\x02\x59\xb9\xe1"
	"\xfd\x41\xd8\x99\x43\xc1\xc4\xfb\x9b\x52\xd5\xea\xf9\x2f\xa2\x32"
	"\x4a\x0a\x25\x9a\x5e\x70\x5a\x71\x60\xe1\x10\x77\xa4\xe6\x4b\x19"
	"\xf5\x76\x26\xe7\x4b\x75\x9d\xa8\x21\x7d\x1f\x39\x09\x96\x9b\x21"
	"\x0c\xa6\x43\xc4\xf5\x65\x4f\x70\x57\x72\xee\x2f\x93\xb9\x8b\x6a"
	"\x5f\x3a\xeb\x4e\xe4\x8e\xca\xe9\x1e\xb8\xc0\xa6\x94\x4e\x11\x74"
	"\x87\xac\xde\xe5\x78\x98\x75\xe9\x62\xf5\x72\xa6\x61\x10\x0b\xe7"
	"\xf6\x13\x0b\x7d\xbd\x8c\xc5\x93\xdd\x05\xd3\xb1\xb4\x76\x29\xa9"
	"\xbe\xad\x21\x59\x48\x71\x22\xb8\xee\x9e\x39\x21\x5f\x47\xb9\xbd"
	"\x07\xef\xea\xab\x2b\x1a\x67\x84\xe5\x66\x0a\x06\xdf\xdc\x2c\x07"
	"\x37\x95\xba\xb6\x48\x2d\x80\xdf\x15\x68\x6f\x02\xe2\x5a\x48\xe5"
	"\x74\x20\x83\xb5\xb7\x06\xbb\x02\x9d\x88\x03\xf8\x13\x75\xd8\xe2"
	"\x32\x32\x93\xe8\xf1\x22\xc3\x87\x59\x87\x47\x3d\x67\xa7\x93\xcb"
	"\x26\x85\x28\xaf\xae\xe8\xe0\x16\xd7\x1a\x1f\xa9\x08\x66\x15\xfd"
	"\x16\xb6\x05\xfe\x52\x75\xfa\x82\xde\x52\x7f\x6c\x11\x57\x44\xcc"
	"\xd5\xa5\xb9\x17\x7c\x4b\x7d\x6e\x88\xce\xd6\x63\x91\x33\x0a\x3c"
	"\xaf\x20\xd6\x33\x5e\xec\xd5\x05\xea\x80\x76\xed\x88\x6c\x68\x76"
	"\x6a\x3f\xf5\xa0\x45\x13\xc1\x09\x56\x8f\xa8\x68\xc2\xec\xbb\x65"
	"\xed\x1d\x09\x11\x25\xa6\xf6\x92\x6c\x46\x5a\x09\x02\xad\xdd\x91"
	"\xcf\x19\x96\x5f\xae\x5d\x62\x49\x66\x33\xac\xd0\x40\xdd\x46\x22"
	"\x66\x81\x97\x57\x46\x61\xa3\xf9\xc8\x0c\xb4\x7d\x5e\x67\x8e\x8e"
	"\x8c\xcb\xf1\x45\xd3\xd6\x32\xf9\xe0\x82\x4a\xf0\xd5\x7c\x90\x76"
	"\x1a\xab\x46\xca\xa8\x3a\x85\xdd\x2a\xba\x0c\x20\x40\x7e\x5c\x7d"
	"\x18\x8f\x36\xbb\xfb\xbf\x1e\xf7\xdb\x7b\x88\xaf\x36\x4f\x9e\x82"
	"\x6e\xcd\x01\x4c\x32\x49\x93\x28\x1f\xbe\xd7\x2c\x86\x6e\x67\x26"
	"\x68\x9b\x13\x3d\xe6\xda\x2e\x6d\x2d\x67\x0c\xea\xec\x17\x07\x55"
	"\x13\x3e\xec\xbc\x04\xc5\x1d\xf4\x76\xbb\xbb\x16\x65\xd7\x9b\x0c"
	"\xcf\x8b\x3b\xa3\x16\xa5\xcc\x4c\xcf\xa3\xa2\x58\x57\x21\x6d\x33"
	"\x7c\xb8\xb8\x55\x37\x54\xbe\xf6\xee\x0e\x8e\xce\xd4\xb5\x81\xae"
	"\xe5\xd3\x21\xfc\x2b\x0c\xef\xf5\x1b\x26\x5e\x8d\x69\xb5\x77\x1d"
	"\xd7\x27\x3b\x00\x5f\x7f\x7c\xd8\xfe\xf8\x08\xc1\xeb\xe8\xc7\xf3"
	"\xe6\xe9\xe9\xf5\xfe\x7a\xf2\x69\x9a\x9f\x38\xb8\x68\x14\x72\x65"
	"\xaa\xf1\xce\xca\xce\x77\x77\x28\xe0\x62\x80\x78\xf8\xcf\x5d\xc7"
	"\x05\x8f\x92\x17\x83\xa6\xbe\x4b\x5d\xfd\xaa\x41\xaf\x18\x28\x75"
	"\x60\x8f\xd9\x78\x19\x35\x2c\xb7\x2e\xd1\x4d\x3c\x04\xf3\x25\xad"
	"\xf0\x15\x89\x83\xc6\x72\xd0\xf4\x77\x88\x61\xa9\x76\x68\x4d\x64"
	"\xf4\xab\xdd\xb7\x47\x5d\xb1\x6e\xf4\xf3\x3c\xf6\xbc\xf9\xba\xfd"
	"\xf0\xf5\xff\xfe\x78\xd8\x7f\x3e\xf9\xb5\xb1\xeb\x92\xe9\xeb\x93"
	"\xe7\xed\xc3\xe3\x66\xbf\xfd\xfb\xe3\xf3\x1e\xd3\xab\x27\xbf\x34"
	"\xa3\x01\xf1\xee\xf5\x6d\xfb\xbc\xd9\xfd\x3c\xd1\xdb\x5e\xbf\x6d"
	"\x77\x6f\xdf\x36\xf7\xdb\xd1\xe7\xc7\x17\x68\x1e\xa9\x0a\xc2\xbd"
	"\x21\x02\x11\x78\x5b\x39\x2a\xab\x74\x70\x1f\xee\x03\xc1\x47\x5b"
	"\x35\x6a\x3c\x7d\x04\xcd\x84\x9a\xf4\xe0\x0c\x61\x95\x41\xf8\x11"
	"\x49\xcb\x56\xc4\x15\x2b\xe5\xc0\x09\x24\xbc\x0e\x5c\xac\x69\xb2"
	"\x9c\x89\xd8\x5b\x51\x08\x2a\xd5\x2a\x81\x3a\x5c\x57\xe9\x64\xd0"
	"\xeb\x3f\xdb\xdd\xe8\x79\xf3\x02\xfb\xf3\xbc\x7d\xf1\x9c\x85\xb6"
	"\x2c\xc0\x50\x72\xba\xc1\xb8\xc9\xe8\x63\xcf\x16\x24\x16\x0c\xbc"
	"\xab\x75\xe1\xb7\x31\x73\x16\x81\x84\x28\x05\xe9\x0b\x03\xf3\x46"
	"\x64\x94\x1a\x23\xee\x5a\xda\x77\xc0\xbd\xc9\xcb\x55\xb9\xbb\x82"
	"\xf9\x19\xad\xc8\x82\xaa\x17\x79\x16\xb3\x43\x6b\xfb\x8e\x75\xdc"
	"\x3f\xe9\xb6\xa0\x33\xd3\x73\xca\x9d\x9e\x43\xae\x1b\x80\xf4\xe3"
	"\x99\xfe\xdb\x2a\x7a\x5b\xdd\x34\x25\x5f\xa1\xf9\x38\x54\x4d\x0c"
	"\xc2\x36\x55\x3d\x99\xbb\xd1\x52\xbf\x6a\x58\x62\x2d\x98\x27\x12"
	"\x6c\x97\xdf\x00\x77\x6f\xe5\xda\x8d\xce\x0f\x1b\xdd\x65\xf0\x10"
	"\xc6\x1e\x9e\xb6\x86\xf2\x83\xde\xdb\x07\x7b\x4e\x8b\xae\x20\x2f"
	"\xf1\x31\x65\xc5\x96\x4e\x01\xec\x01\x69\xc6\x97\xa0\xd1\x13\x27"
	"\x23\xec\xc3\xca\x69\x51\x07\x59\xe4\x72\xf1\x2e\xbd\x5c\x84\x79"
	"\x40\xa8\xe5\xb0\x38\x64\x2c\xbb\x39\x8f\x92\xdd\xe3\x0f\x7d\x1f"
	"\x6b\x1a\x2f\xe4\xc1\x9c\x37\xbd\x06\x14\x7b\x6d\x31\x1c\xab\xa7"
	"\x40\x57\xe3\xdb\x5b\x1f\x87\x01\x62\x41\x57\xed\x73\xd2\xa3\xc8"
	"\x80\x80\x4f\xda\x44\x3f\x33\x70\xed\x4a\xdf\xb3\x3c\x9c\x56\xba"
	"\xdb\xfe\xeb\xfb\xf6\xe5\xfe\xe7\xe8\xed\x7e\x63\x17\x86\x20\x3d"
	"\x3e\xdf\xb2\xf7\x55\x3d\xe8\xc2\xc5\x24\x52\x56\x8d\x7e\x83\xe3"
	"\x82\xd1\x23\xf6\x34\xa3\xa7\x39\x10\x01\x05\xe9\x14\x1e\xf2\x35"
	"\xde\x48\xf8\x2d\x9f\x97\x08\x8f\x88\x20\xcb\xff\x80\x04\x6b\x3e"
	"\xd5\x0b\x9b\x5f\x27\xe1\x60\x71\x60\x60\xc9\xaf\x53\x00\x0c\xba"
	"\x59\x0e\x5e\x16\x1c\xa7\x52\x3f\xd1\x40\xe2\xc0\x73\x04\x2f\x89"
	"\xca\x2c\xe1\x1b\xb7\xc0\x6e\xd9\x2f\x4f\xbc\x18\xdd\x12\x7a\x77"
	"\xe8\x3f\x58\xb1\x5f\x5f\xa9\x23\x73\xf5\x23\x87\x96\xd3\x87\x6b"
	"\xae\xc8\x41\xdc\xbf\xb8\xe2\x3e\x7a\x18\x1e\x69\x40\xd4\xeb\x2b"
	"\x43\x23\xd2\xe0\x3a\xcf\xd7\xc1\x13\x1b\xa9\x1f\x70\xc0\x9b\xb8"
	"\x8e\x20\x88\xba\x60\xd5\x62\xc5\x79\x72\x14\xf1\x86\x57\xec\xc6"
	"\x87\xd1\x3f\xf0\x1a\x38\x1e\xd0\x06\x4e\x22\xea\x3c\x21\xda\x54"
	"\xb6\xf1\x1c\x0c\x82\xbd\xca\x2a\x41\xc7\x46\xda\xb5\xa9\x05\x29"
	"\xb6\x7b\xbc\x80\xc1\x75\x1a\xd8\x79\x10\x84\x85\xfd\x02\x4f\xb7"
	"\x34\x09\x23\x3e\x43\x57\x17\x66\x59\x03\x7e\xc1\x16\x59\x56\x52"
	"\xb5\xb9\xd4\x7d\xd2\x26\xf3\x39\x41\xb7\x69\x65\x18\x3e\xfc\x52"
	"\xbf\x8f\xe2\x34\xb5\x8f\x98\xcc\x26\x25\x77\xa9\xf5\x36\x4a\xb5"
	"\x8b\x3a\xc2\xa2\x77\x16\xaf\x1d\x80\x4e\x81\x0d\xd0\x41\xd5\x41"
	"\x14\x09\x11\x93\xcb\xbf\x6c\xc3\x71\x63\x71\x17\x74\x6d\x65\xcd"
	"\x75\x53\xc7\xd9\x1f\x40\x27\xa5\x7a\x4c\x48\xa5\x6f\xf6\xcc\xda"
	"\xf5\x15\xc3\xf2\x67\x52\x59\x05\x72\x87\xc6\xa0\x07\x02\xae\x97"
	"\xb2\xd3\xf6\x6f\x02\x40\x6b\x57\xf9\xd4\x54\xe0\x4b\x3a\x15\x39"
	"\x58\x2e\x1e\x61\x79\x1b\x1d\xe6\x3f\x1c\xbe\x68\xff\x55\x04\x26"
	"\x1c\x0e\x8a\x6d\x8b\x43\x02\xaf\x52\x0f\x68\xe0\x3e\x44\x5c\xd0"
	"\x10\x52\x59\xf8\x13\x10\x4a\xd0\x4b\x56\xfa\x4f\x0c\x80\x66\xe8"
	"\x74\x43\x00\x7e\xeb\x1c\x8e\x12\x1f\x3e\x16\x34\x73\x37\x4c\x51"
	"\x84\x46\x91\xab\xb1\x7a\x9f\xc4\x15\x70\x28\xf9\x82\x0d\x0e\x61"
	"\xb9\x94\xcc\x6e\xaa\x93\x50\xdf\x29\xaf\x83\x93\x04\x58\x3f\x68"
	"\x7f\xf8\x8e\xd2\xd2\x90\x79\x40\x8e\x1a\x2a\xec\xfc\x5c\xdb\x86"
	"\xcf\xbb\xdc\xb2\x4a\x1b\x49\x8b\x7a\x88\xad\xce\x20\xe2\x43\xc3"
	"\xba\x82\xa8\x4b\x27\x7b\xa6\x0e\x0b\x75\x64\xf4\xd8\x83\x7c\xba"
	"\x25\x19\xd0\xa9\xdf\xec\xd1\x39\x5d\xfb\xf7\x99\x1c\x8c\xe3\x0c"
	"\x22\x4a\x5d\x5a\xd4\x45\x4e\x93\x8c\x4b\x5f\x33\xee\x59\xdb\x6c"
	"\x4f\xac\x22\xab\x90\x42\x3c\x74\x01\xf2\x87\x6f\x11\x0c\x85\x83"
	"\xbd\xc0\x9f\xb3\xc3\x11\xf4\x80\x22\xb3\x6c\xfd\xd0\x1a\xd7\xfe"
	"\xf6\x15\x74\x81\x36\xc6\x03\x9a\xc3\x5f\xd6\x6f\x46\x1c\x00\x02"
	"\xfe\xf4\xeb\xe2\x03\xca\x3a\xca\xc8\x71\x94\x25\x9d\x05\x8a\x4d"
	"\x0e\x28\xc5\xf2\x38\x1c\x4b\x17\x50\x8a\x8e\x63\x65\xe5\x7b\x03"
	"\x29\xf8\x71\x8c\x35\x25\xf3\xe3\x18\x2c\x03\x83\xca\xd9\x3b\xf3"
	"\x49\xe2\x77\x17\x2e\x4e\x66\xc7\x11\xa2\xc8\x5f\xdc\xd2\x39\x7d"
	"\x51\xa0\xd8\xe3\x50\xb7\x59\xbf\x87\x31\x77\x06\xe9\x80\x0d\x89"
	"\x19\x90\x56\xce\x52\x3a\xe0\x6e\x12\xd7\x27\xff\x6c\xdf\xc0\x83"
	"\x78\x7d\x38\xb1\x67\x98\x27\x17\x4e\x55\xf5\x41\x87\x2e\xa7\xa6"
	"\x0d\x5a\x4e\x5b\xe3\x83\xa9\xde\xd4\x07\x51\xb7\x5c\x0e\x40\x3f"
	"\xa6\x46\xab\xdc\x24\x76\xb9\x38\x9e\xb9\x69\x58\x07\x4e\x7d\x4a"
	"\x70\x1a\xd2\x82\x16\x8e\x6b\xef\xd5\x40\x72\x56\x4e\x6d\xa3\x07"
	"\x8d\x2c\x23\x41\x2e\x86\x1e\xb4\x35\xcc\x34\xd0\xfa\xae\x02\x9c"
	"\xbe\xa3\x01\xa7\x43\x15\xf8\xff\x94\x5d\x59\x73\xdb\x3a\xb2\xfe"
	"\x2b\x2a\x3f\x4c\xdd\x5b\x95\xba\x57\x12\x25\x59\x9a\xaa\x3c\x50"
	"\xdc\xc4\x31\x41\x32\x5c\xb4\xe4\x85\xe5\xd8\x3a\x73\x5c\x13\xdb"
	"\x29\xdb\xc9\x39\xf9\xf7\x83\x06\x48\x11\x5b\x83\xd4\x93\x2d\xf4"
	"\x47\x2c\x8d\xad\xd1\x68\x74\x2b\xad\xef\xe9\x8c\xe1\xed\x4b\x75"
	"\x4c\x1d\xc3\x9a\x28\xed\x69\x2c\xa5\x94\xef\x07\xbb\xb4\x66\x55"
	"\xf8\x58\x26\xa9\x1f\x97\x1e\xbb\xbf\xac\x4e\x79\xa0\xe4\xa7\x6f"
	"\x90\x2c\x19\xdf\x9b\x29\x11\xdb\x3e\x3b\xa2\x65\x03\x62\x9d\x69"
	"\x13\x66\xa0\x39\xf5\x16\x4c\xf8\x4b\xbc\x0c\x5d\x3c\x50\x72\x08"
	"\xa2\x55\x93\x1c\xf4\x6a\x18\x60\x3b\xe2\x7a\x98\x30\x80\xbd\x65"
	"\xa5\x24\x70\xfb\x06\x77\x45\xc4\x95\xdf\x0c\xc3\x5e\x94\x57\x39"
	"\xbc\x3e\x2b\xcb\x38\x3c\x61\x59\xb3\xef\xf3\xdd\x89\x1f\xe6\x2b"
	"\x97\xe4\xe6\x8b\x3b\x0a\x55\xdf\x13\x5e\x92\x0c\xbb\xda\xb6\x88"
	"\x7d\xd0\xc2\x0a\x5f\xf1\x13\x19\xd8\xa3\xd1\x53\xc8\x1f\x4f\x60"
	"\x19\x86\x79\xb3\xec\x73\x36\x9d\x69\x5a\x52\x7b\x18\x52\x1a\x2d"
	"\x13\x31\x27\x49\x3a\x90\x79\x7f\xb3\x14\x03\xee\x79\x04\x32\xf8"
	"\x08\x48\x53\x76\xd1\x29\x55\x20\x64\x6e\x7c\xe8\x37\x7e\xb0\x37"
	"\x95\x2b\x7c\xd7\xb4\x5d\x66\x22\x99\x3a\x54\xa4\xc3\x35\x9b\x79"
	"\x5c\x4a\x30\xb8\x01\x35\xbe\xc8\x92\x50\xfa\x8b\x78\x89\x0c\x03"
	"\x03\xd3\x3d\x6b\x40\x36\x82\x90\x02\xd9\x85\x68\x95\xd1\xdd\xd4"
	"\xcb\xe5\x76\x77\x94\x48\xbc\x00\x15\x09\xa5\x57\x21\x9f\x50\x41"
	"\x8d\x9e\xca\x03\x84\x8f\x2e\xe8\x2c\x5c\x84\x18\xaa\x79\x5e\x28"
	"\x3b\x67\xee\x20\xa4\xb8\xf0\x10\x8a\xc1\x0f\x9b\x44\xa7\x83\x62"
	"\x1b\x67\xaa\xc7\x17\xb9\xdb\x53\x94\x79\x7d\x9f\xe6\x68\xb5\x4b"
	"\x57\xb6\xca\x92\x89\xf1\x60\xd6\x55\xa8\x73\xd9\x34\xcb\x44\x82"
	"\x7d\x78\x68\xb3\x28\x4a\xea\xa0\x31\x4f\xc9\xb0\x49\x5d\x99\x77"
	"\x29\x53\x79\x04\x92\x97\x88\x36\x19\x19\x49\x3d\xc9\x34\x2e\x7a"
	"\xaa\x36\x9e\x80\x64\x18\x2c\x90\x1c\x1a\xa0\x7c\x14\x88\x1c\x81"
	"\x54\x94\xc5\x40\xac\x4c\xf9\xc0\x75\x77\x11\xc8\xde\x8b\x28\x89"
	"\x6f\x48\xd6\x75\xeb\x78\xd9\xb4\xd8\xba\x7a\x64\x8e\x82\xdf\x27"
	"\x0f\xaf\xcf\xdf\x9e\x5e\xce\x8f\x93\xd6\xc1\xa8\x69\x4d\x3d\x56"
	"\xea\xd2\x23\x92\x60\x38\xb4\x64\x29\xe7\x8f\xfb\xb7\x7f\x9f\x3f"
	"\x24\xbd\x9a\xf4\x5d\x6b\xf3\xc0\xfc\x4f\x0e\x0c\x86\x1e\xcd\x5c"
	"\x27\x95\x35\x19\x68\xea\x05\xde\x6e\x66\x48\xd5\x3b\x54\xdf\x82"
	"\x01\x54\xbf\xcc\xda\x80\x95\x79\x8b\xe9\x11\x7e\xe9\xe5\x23\x5b"
	"\xb0\x4b\x86\x32\xdb\x41\x8d\x46\xe6\x06\xb7\x01\xcc\x91\xcc\x50"
	"\xa6\x09\xf2\xae\xcf\x88\xcd\xa2\x91\xc5\x5b\x78\x27\x4f\x65\xc3"
	"\xb7\x29\x78\x1d\xca\x07\x30\xa1\xbc\xe9\x1a\x21\xdd\xc6\x6d\x6d"
	"\x53\x9a\xb1\x15\x6e\x34\x0f\x40\x7d\x67\x76\x58\x6b\x44\x9b\x66"
	"\xb1\x01\x47\xf3\x1c\x99\x23\xb8\x07\x39\x0e\x0c\x73\xc5\x11\x94"
	"\x09\x32\x6a\x7c\xd3\xf3\x1b\x29\xcb\xc1\xba\x7b\x39\x3d\x28\xc0"
	"\x93\x66\xfd\x19\x44\xb7\x44\x3c\xdf\x7f\x3c\xfc\x79\xc6\x97\x08"
	"\x02\xae\x6a\x99\x19\x0e\x1c\x00\x86\x58\xc1\xd1\x8a\x9b\x36\x03"
	"\x42\x77\xaa\x67\x45\x27\x75\x59\x19\x6f\x26\x4d\xe0\x8c\x90\x20"
	"\xad\x86\x2a\x40\x57\x92\xed\xa9\xc2\x04\x32\xf3\x07\x16\x91\xde"
	"\x08\x67\x17\xd5\xbf\x07\x50\x96\xce\xee\x41\xba\xd0\x6a\xc0\xe5"
	"\xf5\xd8\xc6\xc0\x1e\x3c\x1a\x1b\xec\xaf\xea\xac\x31\x0b\x2b\x47"
	"\x06\x5e\x6a\x6d\x38\x57\x03\xe0\x74\x70\xa9\x30\xcc\x63\xd5\xc7"
	"\xb8\x09\x92\x0c\xb0\x16\x55\xae\x1a\xb1\x85\x9b\x46\x81\xb5\xc0"
	"\x64\x5e\xd9\x9b\xa6\x3a\x53\x37\x41\x06\x5b\x4e\x0f\xa7\x03\xf4"
	"\x62\x68\x4c\xf1\xe3\x76\x56\x54\x63\x7b\x3f\x0d\xd5\xd3\x9b\x0d"
	"\x9d\x95\xe1\x38\xa6\x2a\x2f\x79\x0d\x88\xcb\x75\x91\xad\x3c\x30"
	"\x97\x46\x0e\x79\x06\xf0\x5d\x25\xeb\x3c\x0c\x98\x2f\x75\x26\x7a"
	"\x92\xc6\x10\xf3\x11\x90\xf6\xb0\x6a\xab\xbe\x61\x87\xb3\xc2\x03"
	"\x37\x21\xe3\xc1\x5e\x90\x8e\xce\x1a\x64\xf1\x71\x5c\xe4\xf7\x66"
	"\xd6\xf6\x6b\x41\x05\x8c\x08\xa6\x4a\x1c\x40\x15\x8a\x7d\xb4\x01"
	"\xc4\x77\xce\x71\x75\x07\x31\xcd\x5a\x62\x2d\x7b\xc3\x05\xfb\xa9"
	"\xa0\xc2\xee\xa5\xf6\xa5\xb6\x09\xc7\xf9\x3f\x47\x28\x56\x42\xd0"
	"\xe9\x16\x2e\x53\x3c\x2d\xb0\x23\xae\x4a\xe2\x7c\xef\xd2\xc5\x83"
	"\x8a\x5f\xe7\x2c\x19\x53\x0e\x80\x32\xc4\x2d\x72\x1b\x59\xfd\xbc"
	"\xa7\x16\x01\xb3\x9e\xd6\xaa\xc3\x0e\x60\xa6\x44\xe2\x96\x54\x1a"
	"\x2c\x5c\x3f\x30\xd3\xcd\x4a\x06\x46\xc9\x0d\x87\x33\x59\x0b\x40"
	"\xb9\x4e\xd3\xe3\xdc\x78\xf3\x99\x86\x9d\x70\xb3\x33\x5f\x9c\x5e"
	"\x00\x7c\xa3\x32\x7e\x5b\xe4\x7c\x4c\x0c\xe4\x50\x89\x2e\x43\x39"
	"\x41\xd5\xcc\xf1\xd4\x8b\x74\xfa\x2f\x45\x36\x95\xc8\xe5\x29\x65"
	"\xc2\x26\x5a\xaa\x24\xca\x4b\x9f\xf6\xfc\x46\x00\xaa\x90\xaf\xd4"
	"\xeb\x22\x35\x2b\xad\x4c\x23\xd9\xb2\x4a\xfa\xac\x15\xe0\x90\x17"
	"\xd3\x12\x94\xf2\x1a\x6d\x55\x27\xd6\xea\xcc\x2c\xdc\x83\x9a\x44"
	"\xe5\xe8\x1a\xbc\xa7\xa8\xe9\x74\x68\x5f\x86\x83\x4a\x30\xf7\x09"
	"\x25\xf4\x0d\x6c\xe7\xed\xaf\xd5\xb5\x33\x77\x85\xcf\xdc\x15\x32"
	"\x73\x57\xe6\x99\xbb\x1a\x9a\x7a\x2b\x83\x7a\x53\xfd\x4e\xd5\x83"
	"\x20\xf9\xc6\xf9\x0a\x9f\x42\x2b\x6c\x0e\x99\x31\x41\x1d\xaf\x16"
	"\xc3\x30\x60\xd8\x30\x0a\x0e\x36\xc3\xa8\x5d\x32\x8c\x81\x96\x73"
	"\x03\xdf\x61\x2c\xd9\xe1\x3c\x92\x17\x04\x94\x53\x45\x65\x2b\xe6"
	"\xa2\x72\xc0\xcb\xd1\x07\xe9\x6a\x60\xe5\x58\x8d\x5d\x3a\x56\xd2"
	"\x5c\x96\x93\xf9\x14\x53\x73\xed\x66\x99\xad\x4d\xa9\x8b\x18\x41"
	"\xb7\xf7\x0d\x61\x13\x6c\x75\xed\x99\xe8\xec\x56\x5b\x62\xc5\xb5"
	"\x03\x3d\xcc\xc0\x76\xac\xc8\x29\x82\xb7\x68\xe4\xfa\x18\x0b\x38"
	"\xe3\x56\x26\x85\x57\x2b\xc8\xf7\xbe\x03\xe9\xef\x66\xef\x98\x8c"
	"\x4f\xc4\xcd\x8a\xb7\x5c\xbb\x79\x89\x23\x42\xab\x0c\x5e\x7d\x14"
	"\x39\xa6\xa5\xef\x13\x37\x6d\xbb\xdf\x7c\xe1\xc3\x8c\xce\x99\x45"
	"\x43\xe9\xaa\x17\x4b\x34\xc9\xe4\x1e\x17\xb2\x5c\x4f\xe7\x33\xc9"
	"\xc1\x50\x9f\xda\x44\x7b\x44\x14\x10\x30\x44\xc1\x74\xcc\x48\x24"
	"\x85\x2b\xfd\x39\x47\xfa\x09\xf1\xe2\x50\xb9\x89\x59\xfd\x73\x9c"
	"\x9b\x5d\x97\x24\x6e\x6e\x76\x57\x93\xef\xb2\x14\x91\xcc\x56\x49"
	"\x76\xc8\x11\x17\x14\x71\x10\x04\xd0\xc4\xe5\x02\x31\x5d\xea\x5c"
	"\xfc\xb3\x5d\xe1\xcb\xcf\xf3\xcf\xf3\xd3\xcb\xbf\xff\xbf\x75\x1a"
	"\x25\x19\xf2\xb6\xe8\x66\x27\xbf\xd2\xb8\x24\x87\x25\x7a\x93\xc8"
	"\x00\x79\x11\x67\x56\x00\x3b\xaa\x7d\xb1\x42\x0a\x5c\xa3\xc8\xe8"
	"\x65\xb8\x1d\xa0\xdb\xf3\xaf\x82\x2f\x89\x1d\xb0\x0d\xad\xf4\x68"
	"\xa8\x86\xf4\x6f\x40\xac\x08\xbf\x28\xec\x6c\xfa\x32\xc8\x49\x6f"
	"\x97\xdd\x05\x56\xc4\x97\x01\x46\x78\xf0\x42\xca\x8a\x08\xbf\x8c"
	"\x02\x59\xc9\xbb\x9d\x9d\x9b\x79\x1c\xe0\xc3\x56\xb8\xa5\xd5\x3f"
	"\x4c\x10\x87\xd8\x17\x26\xeb\x2e\x1a\xb9\x02\xf1\xfb\xfd\xfb\xfb"
	"\xd3\x1f\x4f\x0f\xfa\xdd\x30\x95\x01\xb5\xb2\x68\x12\xbc\xfe\x8a"
	"\xf1\x91\x0f\x08\x76\x5f\xbf\xb0\x42\xc2\x03\xd2\x50\x20\xf2\x43"
	"\xda\xe5\x91\x30\x4b\x60\xa6\xd8\x7a\xaa\xe9\x42\x9e\xe5\x4f\xd7"
	"\x08\x6b\x05\xd0\x20\x21\x97\x66\x6a\x2a\xd1\x4b\xc6\x41\x61\xcd"
	"\x9a\x49\x0d\x66\x1f\xff\xcc\x38\x90\xc8\xb1\xc4\xfa\xb4\xd6\x3f"
	"\xa7\x33\x97\xf3\x6c\x89\x1e\xc1\x6d\x35\x5b\x08\x53\x90\x5a\x8b"
	"\x55\x0f\xc0\x02\x85\x04\x95\x3b\x54\x00\x78\xb6\xb5\xf0\xcc\xd5"
	"\xb4\xf3\x90\xc4\x35\x3d\xf8\xfc\x04\x08\xb8\x3d\xb5\x02\x48\x5c"
	"\xd8\x96\x1a\x80\x94\x2e\xc9\x13\x7b\x31\x54\x2a\xb6\xd2\x31\xc1"
	"\xe7\xd2\x92\xc0\x72\xef\xc6\x2b\x11\x5b\xba\x89\x01\xee\xb6\x83"
	"\x99\x78\xca\x65\x9d\x06\x80\xad\xdc\x0a\xa0\xa3\xd7\x5e\x42\xab"
	"\xc7\x1e\xaa\x2a\xc9\xec\x3c\x8f\x43\x3b\xc3\xb9\x51\x0e\xd8\x6b"
	"\x5b\xa7\x4c\x9c\xfa\x96\x85\x2f\x8c\x43\xe9\xe5\xab\xef\x99\x77"
	"\x3d\x3f\x85\x67\xe8\x65\x06\xe1\x0c\xcd\x82\x29\x95\x09\x5d\xe6"
	"\x9b\xd2\x48\xce\xf2\x20\xdd\x97\x87\x98\x8e\x74\xb3\x00\x65\x30"
	"\x29\x97\x0c\x88\xe0\xee\x1d\xb5\xc4\xa7\x83\x13\xfd\xb2\x49\x11"
	"\x5f\xc3\xbb\xd2\xb2\x39\xb2\x9a\x2a\xda\x51\x09\x91\x38\xa0\x3d"
	"\x00\x05\x98\x0d\x95\x7a\xa5\xe9\xcd\x6b\x21\x86\x6b\x2a\x42\x16"
	"\x41\x4d\x34\x83\x3b\xe6\xa5\x21\xb4\x0f\xb3\x88\xc2\xf6\x6b\x01"
	"\xc3\x2f\x99\xb1\x5e\x2f\x20\x90\x57\x79\x6a\xe4\xf8\x1e\xdb\x2f"
	"\x7a\x8c\x0e\x35\xc8\x46\x59\x15\x81\x4b\x0c\xee\x53\x45\xa3\xef"
	"\x04\x62\x2a\xb6\xda\x78\xf1\xc5\xc6\xe4\xe3\xfc\xde\xc6\xb4\x93"
	"\x4d\xbc\xee\x2a\x2c\x52\x1d\x13\xd4\xc1\x77\x38\xc9\xd2\xb8\xca"
	"\xcc\xbd\xb5\x73\x49\xe1\xfa\x18\x53\x90\xa9\x8c\x78\x78\x75\xe9"
	"\xc1\xee\x58\x60\x67\x9e\xb0\xb9\xf3\x90\xc8\x12\x03\x8c\x81\x87"
	"\x09\x45\x2d\x69\x59\xe0\x11\x44\x22\xd9\x85\x75\x29\x8d\x14\x7b"
	"\xf5\x10\x30\x8b\x06\x51\xe3\xc7\x92\xda\xd8\x6e\x72\x52\xbc\x17"
	"\x76\xf1\x30\x02\x61\x7d\x26\x6d\x1a\x09\x4b\x62\xa1\x4c\x89\xe2"
	"\x85\x45\x88\xcb\xc5\x3f\x84\x71\x1d\x24\x74\xde\x16\xcd\xc1\x2d"
	"\x52\x2a\x21\x95\x76\xbc\x17\x40\xec\x85\x36\x22\x46\x93\xa5\x75"
	"\x39\x94\x3f\xb7\xcd\xcd\x07\x70\xec\x5d\x0c\xb8\xc5\x2e\x82\xc8"
	"\x37\x3d\xe1\xee\x6b\x50\xf8\xae\x10\xab\x58\xcf\xea\xa0\xec\xb1"
	"\xfd\x59\x29\xde\x32\x04\xe6\x83\x51\x23\x2a\x24\x10\x2f\xd8\x15"
	"\x1c\xf3\x21\xc1\xfc\x00\x4d\xc5\x17\x2f\x34\xd5\x7c\xf2\x0e\xef"
	"\xe2\x04\x97\x7b\x37\x88\x73\x17\x37\x36\x6f\x41\x5e\x90\xc3\x5d"
	"\x18\x72\x70\x09\x11\x67\x7c\x03\x9b\x3b\xb6\x0f\x99\xcc\x42\xbb"
	"\xdd\x02\xc2\x85\x82\xf3\x19\xc1\x9f\x6c\x91\xd1\xea\x25\xba\xdc"
	"\xcb\x02\x93\x91\x12\x97\xb1\xe9\x38\x84\xd5\xdf\xc8\xfd\x13\x73"
	"\x8b\xdf\x22\x14\xdf\x45\x81\x61\x19\xe3\xaf\x56\x99\x89\x48\xa4"
	"\x68\x0d\x5a\xe7\x83\xbf\x9e\x1e\xc4\x57\xb5\xc2\xa3\x38\x97\x6c"
	"\x5d\x29\xc4\xf0\xd3\x43\x0b\x9c\x64\x97\xa7\x68\xfd\xd3\x31\x1e"
	"\x68\x87\x5f\xb8\x22\x56\xef\xfb\x8a\xe4\x46\xeb\x46\x3a\x9a\x52"
	"\xdf\x4d\x32\xd1\x1d\x71\x5e\xf0\x1c\xc3\xb8\x20\x10\xdf\x8c\xbb"
	"\x0f\x10\x7c\xc2\x1c\x9a\x8b\xdf\x86\xcb\xba\xd3\x42\xe3\xb4\x75"
	"\x69\x20\x46\xda\xaa\x0a\xf7\x82\x10\x62\x97\x5d\xf2\xe1\x31\x48"
	"\xd4\x1b\x63\x23\x59\xf4\x63\xdd\x71\x2c\x81\x9d\x00\x9c\x72\x0b"
	"\x0f\xf8\x95\x88\x45\xfc\x0d\x36\xc2\x1c\x06\x08\xf6\x05\xa2\x08"
	"\xe3\x00\x58\xc9\xda\x6c\xe8\xf2\x00\x11\x1a\xcc\x8a\x2c\x80\xb9"
	"\xf0\x9c\xbf\x03\xb3\xe8\x35\xe6\xc5\xfc\x54\x36\xbb\x13\x6d\xd4"
	"\x3e\x2e\x91\x3d\xe7\x12\x9d\x36\xaf\xdb\xe8\x7e\xa5\xc5\xdf\x10"
	"\x8b\x48\x51\x57\x19\x12\xa3\x18\xc8\xfb\x3a\xa1\x3f\xdc\x6d\x9c"
	"\xc4\x95\xf4\x20\x8b\x4e\x0e\xd8\xad\x45\xf7\x21\x91\x74\x21\xc1"
	"\x7f\x37\xb1\x18\x12\xb4\x4d\x2b\xc5\xd8\x35\x6d\x1a\x21\x62\x50"
	"\x2d\x70\x9c\xcf\xdc\x9a\xf9\x10\xb7\x33\x94\xf5\xb4\x40\x0c\x83"
	"\xd4\xe3\xde\x90\xcc\xbc\x62\x9e\xf7\x8d\x8e\xf6\xba\xd6\x71\xef"
	"\xa9\x19\x15\x36\xb2\xe8\x74\x71\x59\xf2\xf3\x7d\xf2\xc8\x66\x9a"
	"\xfe\x70\xdd\x8b\xc1\x53\x62\x4e\x6a\xf4\x71\x2a\x85\x2c\xff\xfe"
	"\x7b\x00\x82\xec\xfb\xdc\x89\x73\x13\xc5\xe5\x96\x02\xcd\xeb\x24"
	"\x1c\x33\xe0\x7d\x18\x01\xce\x9b\x85\xd5\xd6\x93\x6b\xeb\x35\xdb"
	"\xbc\x14\xd3\x53\x00\xf3\xcf\x64\x1e\x41\x29\xe2\x07\x96\x54\x26"
	"\xb9\xcd\xaf\x84\xee\xcd\xa4\xc3\x73\x06\xc1\xcf\xe2\x0a\x89\x4e"
	"\x4e\xa9\x61\x02\xef\xe2\xc5\x38\x40\x34\x91\xfb\xc0\x32\x92\xc0"
	"\xba\x49\x12\x4c\x68\x9a\x14\x40\x9a\xfe\x96\x1e\x79\x66\x21\x0b"
	"\x71\x5d\xec\xc1\x91\x63\x40\x94\xca\xb5\x4e\x4d\x30\x8f\x4f\xaa"
	"\x39\x85\xec\xd0\xdf\x14\x4c\x20\xad\x93\x04\x7e\x98\xdc\x85\x15"
	"\xae\xf0\xf4\x16\x7e\x35\x87\x22\xae\x82\xad\x62\x2f\xd4\x65\xe5"
	"\x41\xd4\x19\x16\x80\xd7\x12\xf6\x31\x91\x1c\xdb\x8b\xa9\xcc\x2b"
	"\x1c\x77\xed\x28\x3e\x1f\xbc\xe4\x0e\x4e\xfe\xb3\x44\x71\x4b\xaf"
	"\xc1\xfc\x62\xeb\x5b\x01\xe9\xd6\xb7\x54\x4f\x6a\xb2\x90\xd8\x57"
	"\xcc\x40\x63\x02\x0a\x73\x65\xd7\x8f\x57\x1f\xbc\xff\x50\x69\xdc"
	"\xf3\xf7\x3e\xa6\x81\x66\xbd\xd9\x04\xc8\xcb\x58\x1e\x2f\x40\xed"
	"\x1b\xad\x3d\x58\x7b\xd3\x3d\x09\x1a\x44\x46\x61\x34\x7e\x69\xa3"
	"\xed\xd9\xe4\xe9\xfd\xc1\xb4\x9c\x94\x41\x4a\x17\x70\x70\x91\x52"
	"\x3a\xc9\x7e\x3a\x47\x5a\xe5\x2f\xe7\xcb\x63\xe3\xe7\x99\x59\x32"
	"\x64\x6f\xea\x61\x02\x98\x75\xe2\x5e\xb9\x71\xe6\xe5\x62\x6a\x96"
	"\x1c\xe9\xf2\x99\x64\x65\x0d\x5e\xd7\x61\x3f\xf1\x30\x07\xad\xb9"
	"\x5f\x6e\xa8\x1c\xe9\x62\xcf\x64\xcb\x64\xbe\x99\x4e\x1d\x0b\x71"
	"\x6e\x76\x03\xda\xf1\xa0\xa2\xa0\xe5\xd2\x8e\xd9\xee\x66\xb7\xb7"
	"\x76\x08\xab\xe8\x66\x6a\x96\x65\x77\xc4\x5b\x39\x4b\xf3\xad\x86"
	"\x5f\xce\x56\xeb\x39\x72\xc9\xd4\xf8\xae\x77\xbb\x9c\x99\xc9\x35"
	"\x5d\xa9\xf9\x69\xbc\x09\x4b\x77\xb3\x58\x4f\x91\xcb\x8e\xaa\xa2"
	"\xfc\x6d\x02\x2f\x77\x6c\xcb\x72\x49\x87\xbf\xb9\x0f\x78\xc0\x37"
	"\x4a\xa6\x13\xd6\xb4\x9d\xd7\xb1\xcf\xdd\x86\xaa\x11\xcd\x25\x02"
	"\xfa\xa6\x9d\xc5\x46\x03\x63\x71\x41\x44\xea\x92\x1a\x3f\xde\x1b"
	"\x1c\x46\x32\x53\x20\x66\x77\x63\x12\x11\x63\x42\xf7\x65\x0e\xaa"
	"\x65\x6d\xc1\x1c\x59\x54\xdd\xc3\x7a\x35\x9f\x53\xe1\x38\xe7\xc6"
	"\x43\x6c\xb2\x04\x01\x95\x4b\x88\xc9\x09\x38\xa7\xd0\x69\x3f\x37"
	"\xeb\x9b\x7b\xfa\xd2\x46\x4f\x82\xc8\xf5\x4e\x36\x04\x3d\x1c\xad"
	"\xd6\xb7\xd6\x4c\x36\x8e\x77\x5c\xd9\x01\xc7\xe3\xc2\x8a\x88\xfd"
	"\xaa\x59\x6f\x76\x79\x50\x1e\xb5\x25\xa4\x3a\xff\x7d\xff\x3e\x89"
	"\x5f\xde\x3f\xde\x7e\x3e\xb3\xf8\x9b\xef\x7f\xde\xbf\x9d\x1f\x27"
	"\x1f\x6f\xf7\x2f\xef\xc0\x98\xc9\xf7\xa7\x97\xf3\xe4\x91\x2e\x35"
	"\x4f\x3f\xe0\x5f\x91\x51\x74\x04\x23\x76\x68\xe2\x12\x04\xf2\xd8"
	"\x30\x88\x0a\x72\xba\xc3\x1f\x30\xab\xb8\x9f\x84\x79\xe4\x4e\xfe"
	"\x78\x7a\x7b\xfe\x0b\x7c\xa3\x3f\xbe\xfe\xf5\xf2\xfd\xf5\xbe\x7b"
	"\x27\x21\xc9\x51\x70\x27\xea\xc2\xc8\xc8\x75\xf7\xea\xf1\xcb\xc7"
	"\xf9\xfb\x84\xc4\x1e\x93\xc2\xf8\xf9\xa5\xf3\xa4\x54\x7a\xf4\x5c"
	"\xa9\x27\xef\xe9\x0e\xa6\xa7\xf6\x19\xed\x5e\xdf\x3f\x50\xa2\x77"
	"\xff\xf6\x68\x2a\x06\xc5\xbf\xfe\x78\x7b\xa5\x2b\xf9\xfb\xeb\xdb"
	"\xa4\xfc\xb8\xff\x38\x0b\x1e\x9f\x26\xff\xe3\x65\x25\xf9\x5f\xe1"
	"\x78\x76\xa9\xdf\x25\xbb\xbe\xdb\xbd\x1d\xa2\x14\x3a\x26\xcc\xcd"
	"\x1e\x4a\x74\xc3\xba\x3b\x26\x64\x98\x72\x82\xc2\x94\x73\xf6\x65"
	"\xee\xf2\x30\x1c\x0d\x0b\xf7\x2b\x7b\x50\xf4\xb7\x5c\x1e\x01\x5f"
	"\x79\xba\xbf\xcc\x9e\x0c\x9e\x30\x89\x0e\x80\xc3\x6b\x4e\x17\x3a"
	"\x70\x9b\xf3\xf9\x46\x71\x26\xc7\x23\x3d\x54\x77\x9d\xcf\x4e\xf0"
	"\xfc\xd7\x39\x8c\xeb\xdd\xbe\xd2\x21\xd4\xca\x7e\xb0\x46\x60\xce"
	"\x35\x59\x36\xa5\x67\xd2\x5c\x02\xc9\xdd\x36\x19\x95\x05\xea\xdc"
	"\x77\xe5\xb0\x8d\x3c\x3a\x2a\x84\xfc\xca\xb2\x4a\xae\x77\xc2\x1f"
	"\xec\xaa\x67\x71\xe6\x95\x17\xe2\xf4\xb1\x75\x10\xad\x4c\x90\xb6"
	"\xde\xf2\xcc\x13\x9c\xfb\x3d\x6e\xe0\xc0\x89\x2d\xef\xac\x0e\xfe"
	"\xde\x20\x3d\x9c\x9f\x5f\xdf\x7e\x5f\x86\xe6\xc7\xeb\x1b\x1d\x6c"
	"\xff\x9c\x04\x84\x78\x9f\x26\x29\x3d\x86\x7f\x9a\xfc\xe8\x82\x32"
	"\xf5\xfa\x00\xc8\x2e\xca\xf9\x95\x37\x2d\xb9\xd7\x39\x89\xb9\x4c"
	"\xb6\xdf\x5f\x1f\xfe\x33\xa9\xee\x25\xa5\x27\x6b\x36\x73\x72\x5c"
	"\xb9\x38\xfb\x63\xe6\x66\x19\x59\x56\x58\xff\xd0\x5d\x87\xb8\xfa"
	"\x53\x06\xe6\x25\xed\xd3\x24\xa7\x73\xe9\xd3\x64\x7b\xff\x41\x97"
	"\x8e\xdf\x93\x7f\x4c\x92\xd7\xbf\x5a\x07\x6a\x6f\xe7\xef\x74\x56"
	"\x3d\x4e\x1e\x98\x99\xd6\xbb\xdc\x26\xf8\xec\xe2\xd6\x4b\x19\x79"
	"\x40\xe2\xd2\xb2\xda\x8b\x9c\xb4\x03\x77\x23\x15\x15\x01\x1c\xbc"
	"\xd2\x32\x70\x39\x16\xb8\x1a\x0b\xbc\x1d\x0b\x5c\x23\x63\x5b\x81"
	"\x6d\x06\x9a\x8a\x28\xe8\x74\xe4\x66\x3a\x12\xe8\xe0\x4c\xa1\xe3"
	"\x7c\x5b\x5b\x66\x89\x5b\x1f\x5d\xdf\x03\x7d\x69\x88\xb4\x0e\xdc"
	"\x77\x32\x55\xaa\xb7\x03\x59\xba\x68\xc0\xa6\x9b\x8a\x2c\x95\x62"
	"\x25\x45\x20\x04\x36\xad\xcc\xad\x76\x12\x57\x00\x2b\x06\x10\x07"
	"\x4a\x97\xd6\x15\x61\xa3\x29\xc5\xeb\xb8\x30\x09\xe4\xd8\x7a\x3d"
	"\xa9\x88\xb6\x89\x39\x04\x5a\x87\x91\x82\x68\xf2\xc4\xc4\xcf\x0c"
	"\x83\xfa\x50\xb8\x39\x95\x8a\x12\x53\x5f\xa3\xcc\x6e\x65\xd2\x38"
	"\xcd\xeb\xaa\xc9\xea\x0a\xfe\x78\x75\xc1\x3c\x78\xb7\xcb\x01\xfa"
	"\xed\x45\xd5\xdf\xf1\x61\xe8\x83\xd6\xdf\xe2\xb1\x6a\x99\x85\x74"
	"\x2f\x0b\x6f\xc8\xb0\x6a\x53\xdc\xbc\x16\x5c\xde\xe3\x23\x88\xc3"
	"\x0a\x63\x13\x74\x1c\xf1\x13\x51\xdf\xae\x03\xf6\x72\x50\x06\x99"
	"\x62\x89\x35\x2e\x00\x03\xa6\xa4\xb2\xd6\x46\x77\x0b\xc8\x78\x56"
	"\xe5\x99\xaf\x75\x29\x24\x42\xc0\x33\xb4\x58\xc8\x8c\x94\xe5\xde"
	"\x0a\xb8\xcb\x8a\x0c\xa9\x0c\xb3\xce\xf7\x2e\xbd\x20\x50\xea\x14"
	"\x22\x53\x1b\xbb\xa7\x4c\xb6\x96\x91\x46\x89\x0d\x21\xea\xc9\x45"
	"\xac\x12\xdd\x5c\x23\x3d\xd3\x43\x8e\x7d\xf0\x25\x2b\xb9\x0f\x71"
	"\x70\x9e\xa0\x7e\x07\xc4\xfd\xcc\xf2\xe5\x5e\x34\x21\xe1\x9e\xc4"
	"\x5b\x87\xb9\x3b\x9f\xc4\xa0\x4a\x96\xf2\x83\xc4\xc1\x91\xc7\x40"
	"\x8e\x3f\xd0\xd3\xd5\x2e\x28\x08\x5d\xbe\x72\xb7\xd9\xc7\x2e\x3d"
	"\x7a\x78\x44\xef\x62\x82\xdc\xeb\x32\x9e\xe4\xa4\x3a\xd8\x44\x04"
	"\xf0\x8b\xba\x8d\x0c\x5a\x21\x0d\x16\x95\xdc\x35\xae\xbd\xc6\x22"
	"\xb2\x8b\x84\x7d\xf3\x6b\xd6\x3a\xf1\x25\x3f\xbf\x7f\x3c\x11\xf0"
	"\xf0\xfb\x69\xe2\x3f\xbd\xff\xf8\x7e\xff\xfb\x13\x95\x98\x9f\xa9"
	"\xb8\x2f\x78\xbd\x94\x58\x1c\x93\x88\x1f\x18\x3e\xdf\xbc\xfe\x5a"
	"\x2d\xbe\x2d\xa6\x54\xca\x7b\x78\x6d\x9e\x9f\x7e\x3c\x35\x6f\xf7"
	"\x7f\x4d\xda\x54\x88\xaa\xfa\x2c\xa6\xce\x9c\x6f\xb3\xe9\xfb\xcf"
	"\x97\x97\xdf\x5a\xaa\x82\x7d\x7a\xfe\x9b\xee\xcd\xc6\x44\xed\xfb"
	"\xe9\xfc\xdb\xec\x9b\x02\xfd\xf7\xc3\x74\xfe\x3c\x33\x26\x2a\xdf"
	"\xf3\xc4\x6f\x42\xea\xf3\xeb\xcb\xeb\x8d\xb9\xe5\x1e\x28\xb5\x68"
	"\xe7\xfb\xc5\xfe\xf3\xcd\xb6\xf0\xb6\x53\x67\x1e\x1d\xbe\x36\xce"
	"\x24\xa2\x47\xd4\x07\x67\x7e\x3f\x79\xb8\xff\xa0\xff\xcd\x56\x37"
	"\xd2\x8c\x0c\x3c\x3a\x5a\xfc\x20\x6b\xc0\xa7\x9b\xe9\x7e\x90\xa1"
	"\xf6\x39\x44\x49\x24\x55\x10\x0c\x74\xa9\x0f\x0e\x12\xc1\x49\x1e"
	"\xf8\x81\x32\x67\x06\xdb\xcd\x7a\xde\x6c\xfd\x08\x9b\xb1\x74\xee"
	"\xd1\x23\x5a\x2c\x3e\xea\x93\xd3\x9b\xa2\xf4\xcc\x6b\xab\x80\xf1"
	"\xf3\x60\x10\x53\x95\x21\x56\x4d\x01\x15\x05\x79\x38\xb4\xcc\xf6"
	"\xe8\xd0\x1f\x2c\xf6\x20\x55\x0d\x2b\x36\x70\xaf\x28\x95\xae\x9c"
	"\x83\xc5\x92\x70\x3b\xa2\xd8\xdc\x77\x87\x8b\x85\xc1\xa6\x94\x43"
	"\xfc\x2f\xcd\xde\xd1\x13\xb5\xa2\x00\x58\xb9\x5b\x7c\x13\x01\x00"
	"\xd9\x66\xc7\xc6\x6c\xf5\xc5\x8e\x00\x97\x99\x2e\xfa\xa7\x66\xf1"
	"\xc1\x4f\x3d\x11\xf9\xf8\x5f\x79\x10\xc9\xf5\x2c\xe9\x02\x2b\x99"
	"\x16\xb0\xe5\xc9\x23\xd8\x5a\x0e\xa4\x9b\xc7\xf7\xa7\xe6\xc7\xfd"
	"\xcb\xf9\x7b\xf3\x9f\xdb\xc6\x59\x37\xd3\x87\x66\x7a\xdf\xfc\xf1"
	"\xe7\xe3\x8f\xe6\xd7\xd3\xe3\xf9\x75\x22\x01\x16\x8b\x66\xba\x6a"
	"\xa6\xdf\xac\x80\xb3\x0c\x50\x36\x0b\x5a\x6a\x7b\xa5\xc6\xa3\x0f"
	"\xdb\x7b\x29\xdc\xaa\x9c\x67\x13\xfd\x88\x2d\xc6\x34\x73\x78\xf5"
	"\x18\xc3\x32\x52\x64\x15\x8f\x70\x70\x33\x35\xd4\x41\x83\x35\xbb"
	"\x03\x92\x6b\x41\xcf\xb0\x10\xf4\x9c\x72\xad\xd0\xc7\x27\x64\xb6"
	"\x0b\x20\x5c\xc6\xe7\x1b\x08\x02\x76\x23\x12\x0e\xb1\x5f\xed\x3e"
	"\xdf\xcc\xa6\xeb\xa9\xba\xe8\x01\xf9\xc8\xea\xa6\xa7\x9f\xc4\x74"
	"\xce\x87\x4b\x2c\x0e\xb7\x2c\xc1\x0e\x83\x56\x98\x05\x1c\x55\xc4"
	"\x32\xda\x20\x64\x76\x64\xbe\x75\x8f\x2e\x63\x78\x07\x01\x41\x1a"
	"\xe8\xd0\xe0\xe2\x2e\x3a\xb8\x3b\x3f\xf6\xf4\xd4\xce\xa2\x22\x0d"
	"\x6c\xfd\xe0\x42\xb7\x26\x70\x27\x0b\xf1\x89\x69\x0d\xb9\x62\x61"
	"\xa0\xeb\x73\xb0\x19\x4e\xb2\x82\xab\x15\x6e\x7c\x3a\xad\x6f\xe4"
	"\x55\x3a\x70\xa6\x58\x63\xfd\x23\x15\x38\xc0\x6f\xa2\x9f\x0f\x56"
	"\xaf\x5d\xcb\xf7\x7e\xd6\xa0\x36\x33\x02\x0e\x54\x3b\x56\xdc\xde"
	"\xa7\xfb\x51\x48\xd0\xdd\xa5\x86\x2d\x8e\xb6\x06\x38\xd8\x55\x7f"
	"\x2a\x22\x08\xe9\x42\xa2\xeb\x8b\x61\x47\x52\x1b\xbc\x8b\xc3\xf8"
	"\xe8\x97\xc3\xad\xf5\x4f\xa9\x0b\x67\xa2\x30\x17\x24\xc4\xe1\x2e"
	"\x84\x3b\xa5\xf6\xf1\xcb\x28\x70\x14\xa4\x71\xc0\x62\x0b\x0d\x2c"
	"\xc3\x5e\x7d\x51\xaa\x9c\x5f\xde\x5f\xdf\x14\x7d\x05\x5f\x03\xcd"
	"\xbb\x42\x4b\x03\x4d\x46\x0c\x87\x26\xd0\xa5\xdd\xcc\xfe\x4f\x9d"
	"\xed\x70\x35\xdf\x1e\xab\xb8\x19\x5e\x50\x64\x24\x30\xbf\x62\x94"
	"\x57\x48\x09\xad\x4c\x34\x20\xed\x6a\x6d\x79\xda\x92\x78\x46\xcf"
	"\xa1\x8a\x96\x57\x5e\x7d\xe2\xd2\xf1\xc1\xb8\xff\x80\x0f\x35\xcf"
	"\x59\xcc\xec\xb9\x00\xc4\xc1\x15\x31\x24\xaf\x57\xd3\xe5\x14\x3f"
	"\x7d\x6d\x89\x3b\x3f\x1e\x87\x59\x90\x94\xb2\xa9\xa2\xc6\x51\x00"
	"\x60\xa7\x48\xa0\x19\x98\xe4\x11\x67\xb5\x5c\xae\x71\x0e\x55\x85"
	"\x33\x75\x6c\xe4\xe5\x72\x83\x1f\x01\xaa\x3b\xe7\x38\x3b\xaa\x0c"
	"\x36\x36\x2f\x3a\x15\x59\xe9\x65\xb9\xa2\x84\x85\x64\xb4\x73\xa3"
	"\x93\xb5\x63\xe2\x2a\x9a\x4d\x67\xd3\xc1\x9e\x39\x59\xd4\x3c\x3d"
	"\x7b\x89\x1b\xa5\x41\x35\x72\xbc\x8a\x60\xb9\x41\x94\x62\x68\x8f"
	"\x7b\x47\xa6\x9b\xcd\x6c\x69\x1d\x8b\x2d\x08\xd3\xa7\xed\x0e\x44"
	"\x0a\x3f\x24\x55\x68\xeb\x1a\x27\x0f\x24\x1b\xd9\x9b\xcf\xd7\x53"
	"\xb4\x32\xea\xdc\xac\xe2\x3d\x5b\x8d\x34\x29\x49\xae\x7e\x8b\xa3"
	"\xe5\x0d\xf2\xaf\x5d\x50\xc2\xba\x8c\xf1\x36\x45\xc5\xbe\xb9\x88"
	"\x6d\x66\x04\x19\x84\x0c\x02\x20\xd2\x8e\x5b\xb0\x55\x66\xa8\x34"
	"\x08\xaa\x75\xe1\x83\x74\x4f\x28\xe1\xb2\x02\x22\x79\x60\x3e\x34"
	"\x65\x6c\x9d\x52\xc9\x28\x86\x45\x6e\xa0\xf0\x16\x08\xf3\x65\x1c"
	"\x92\x0e\x44\x0d\xc8\x75\x27\x1d\x99\x0f\x0c\x9d\x84\xcc\xc9\x08"
	"\x84\xfe\xac\xda\x07\x9e\xd2\xc3\x12\x8a\x09\x79\x03\x98\x88\x16"
	"\x6e\xcc\x49\xc4\x70\x66\x1b\xea\x71\xe9\x30\x5b\x11\xbc\x0f\xf0"
	"\xec\x7b\xbe\x4b\x5c\x50\x46\x69\x15\xe4\xdc\xf8\x23\xb0\x74\x77"
	"\x19\x47\x29\x33\xd6\x4d\xe9\x22\x92\x21\xbd\xce\x97\xcb\x20\x07"
	"\xb0\xad\xc4\xb8\xaa\x95\x60\x61\x9d\x26\xcc\xc0\x89\x38\xcd\xef"
	"\x6c\x4c\x80\xe8\x35\x16\x0e\x27\xc6\x95\x2a\x2d\x41\x41\x0a\xf1"
	"\xa4\x1b\xfc\xdb\x3c\xf6\xee\xea\x5c\x1b\x40\xed\x71\x43\x98\x00"
	"\x8d\x86\xe1\x2c\xea\x56\x5d\x8d\x5c\xc5\x49\xc5\x69\x86\xca\x81"
	"\x95\x95\xa5\x56\xa5\x5b\xe8\x19\xb2\xf8\x7a\x54\xa2\xca\x52\xdf"
	"\x2d\x4e\x8d\x8d\xf9\x6c\xb6\x28\xc5\x2a\xcb\x6c\x0c\xab\x2c\x58"
	"\xe3\x0d\x2c\x86\x4c\x84\x9d\x8d\x5d\x07\x3d\x5d\x63\xbe\x0b\x9b"
	"\xa4\x24\x2b\xbf\x64\xe2\x20\xaf\x3c\xbe\x11\x77\x35\xc7\x95\x82"
	"\x21\xb7\xdc\xf4\x94\xdb\x5a\xae\x3b\x7b\x7d\x3c\x3f\x4f\xfe\x01"
	"\xee\x06\x5e\xce\x0f\x1f\x4f\xbf\x9e\x3e\x7e\xcb\xc2\xa1\x97\xd1"
	"\x13\xb6\x26\x5c\x40\xe2\xe5\xba\x65\x35\x9f\x5a\xce\x25\x32\x72"
	"\x3d\x0e\x79\xbb\x5a\x8d\x47\x3a\x63\x4b\x77\x46\xd7\xd3\x99\x8f"
	"\x41\xc2\xa1\xeb\x54\x36\xab\x5b\xcb\x95\x99\x09\x3e\xae\xc6\x7d"
	"\xee\xeb\xeb\xe0\x9b\xeb\x2a\xb3\xbc\x0e\x3e\xbb\x02\xbe\x9e\xad"
	"\x6e\xaf\x83\x5f\xd3\x54\x67\xb3\xba\x8e\xef\xb7\xb3\xab\xe0\xce"
	"\x95\x8c\xbc\xae\x9b\xd6\xd8\xed\x80\x11\xbc\xb4\x4c\xc1\x0e\xb5"
	"\x76\xae\x1a\x57\xeb\xe5\x75\xf0\xdb\xeb\xe0\xeb\xab\xc6\xd5\x7a"
	"\x73\x65\x65\x6e\x07\xb9\xf7\xf9\x46\x60\xdf\x8d\x8e\x01\x2b\x10"
	"\xa6\xcd\xd6\x2e\x5b\xda\x3c\x32\x42\xac\x85\x6c\x2b\x73\xa7\xb8"
	"\x69\x65\xfd\x2e\x12\x1f\xae\xf5\xc9\x07\x2a\x4a\x68\xf7\x30\x6e"
	"\x59\xe6\x59\x4c\xe5\x8b\x62\x36\x7c\xc1\xd9\x83\xe7\x03\x2a\x01"
	"\x28\x8b\x1e\x6f\x11\xe5\xb8\xbf\xf3\xf2\xfd\xca\xeb\x6a\x24\xab"
	"\x99\x52\x7a\x36\x0c\x9a\xd8\xf7\x4c\x7a\xa1\x08\x3d\xa7\x52\x0a"
	"\xa6\x48\x02\x12\xc4\xe4\x64\x0f\x01\xcb\xa0\xb2\x9a\xd4\x00\x38"
	"\x20\x98\x55\x4d\xc8\xdf\xb1\xc9\x95\x0e\x49\x3b\x1e\xd8\xca\x3e"
	"\xa3\xbf\x95\xfe\xa6\x80\xe5\xf4\x6e\xf7\x75\x58\x8d\x15\x14\xe0"
	"\x54\xa3\x8b\x31\x34\x46\x2b\x07\xb7\x21\x8e\xe3\xdc\xf2\xf1\x3b"
	"\xa0\xa8\x01\x67\xb4\x27\x30\x7f\xf4\x63\x16\x89\x96\xf9\xd9\x61"
	"\x43\x54\xee\x05\xcf\x8b\xbb\x37\x13\x8a\x88\xe5\x5f\x86\xc9\xe7"
	"\xd9\x5c\xa6\x38\x66\x4d\x18\x7b\xec\xe8\x91\x54\xe9\xe9\x80\x17"
	"\xc2\x2c\xb8\x4c\x14\x2f\xf1\xe5\x40\xd6\x02\xc9\x8b\x51\xdb\x09"
	"\x0e\x98\x6b\xf7\xa5\x65\x4c\x1a\x66\xcf\xc3\x6f\xe9\xa9\x98\xd8"
	"\x5a\x71\xd1\xd3\x02\x7e\x57\x4f\x20\xb2\x94\x89\x0f\x9c\xf1\xbe"
	"\x72\x24\xae\xe2\x50\xbb\x64\x1a\xa3\xbd\x4c\x43\x0f\xa2\x37\x6e"
	"\xeb\xb0\x8d\xfd\xae\xc9\x51\xe5\xf9\xe1\xe7\x9b\x26\x3b\xc1\x35"
	"\x58\x94\x9b\x86\x7d\x55\x80\x30\x98\x52\x69\x72\xe0\xaa\x2c\xf6"
	"\x28\x03\x00\x2c\x02\xc5\x10\xc8\x12\xfd\x72\x39\x2a\xea\xc8\x45"
	"\xcc\xd7\xbe\x47\xfb\x16\xf6\xf4\x4e\x71\x09\xaf\x8d\xcc\xdc\x30"
	"\xe4\xc5\x9b\x4a\x8f\x65\x66\x0f\x32\xc2\x27\xfb\xb0\xd4\x47\x54"
	"\x4f\x0e\x73\x1b\xf5\x2e\x38\x75\x6f\x85\xad\x4d\xc0\xed\x21\x7a"
	"\x50\xf7\xd8\xc3\xde\xf3\x52\x5b\x15\x7f\xc8\x46\x54\xff\x8e\xaa"
	"\x1c\xce\xb1\x65\x5e\xcb\x72\xd0\x57\xa3\x35\x67\x9f\xb4\xe7\x86"
	"\xe1\xab\x55\xa6\x43\x0e\xc0\xfe\xd9\xbc\xba\x1f\xe0\xe2\x51\xa6"
	"\xca\x07\x06\x37\xcf\xc5\xaf\xf1\xb3\x07\xe8\xc2\x47\x03\xdb\x37"
	"\x52\x08\x5e\x9c\x35\xd0\x5a\x8e\x64\x06\xdc\xf5\x96\xdb\x44\x5e"
	"\x9e\x0d\x7e\x9d\xdc\xbd\x9d\xcf\xf2\x54\xe3\xf3\xb2\x57\x89\x2b"
	"\xba\xc6\xaf\xcd\x1d\x7f\xa2\xd3\xef\x54\x5f\x99\xf9\xcc\x21\xae"
	"\x76\x0d\x59\xe0\xa6\x2c\xd1\x65\x57\x60\xcd\xd0\x66\x3e\xad\x4d"
	"\xf5\xf6\xf3\x5d\x9c\xfa\xd1\x57\xd5\xf3\x26\xa9\x20\x91\x35\xec"
	"\xc4\xfb\x39\x2c\xf1\xd5\x86\xd2\x13\xb7\xd9\x0f\xf2\x09\x46\x82"
	"\x9b\x4a\x0e\xe9\x2e\xfd\xcf\xb4\x55\x07\xf4\x9e\x3e\xf0\xd8\xfd"
	"\x0a\x69\xd2\x3d\x58\xc9\x52\x89\x05\x56\x74\xca\x37\x4c\xcb\xbc"
	"\xdf\xce\xd1\x8b\xa0\x98\x9e\xf5\x33\x78\x42\x8a\x8c\x4d\xc6\xa7"
	"\xec\xe3\xcf\xf3\xdb\x24\x3f\xbf\x3d\xfd\xa0\xff\xdc\x7f\x57\xee"
	"\x20\x5c\xcf\xf3\xe5\x28\x35\x3c\xa5\x09\x62\xa3\x34\x25\x50\xe5"
	"\x87\x55\x2d\xa1\xeb\x33\x00\x4c\x0d\xd9\x8a\xf4\x19\xf6\x96\x41"
	"\x04\x6e\x63\xad\x2a\xfd\xa3\x8d\xc0\xf5\x4b\xe6\x8b\x3b\x66\x46"
	"\x0d\x9e\xef\x5b\x71\x5d\x9e\x21\x5d\x01\xc0\x85\x40\x60\xab\x40"
	"\x4e\xd9\x5b\x1e\xdc\x7c\x08\x53\x04\x5e\x16\xa5\x86\x08\x3e\xbd"
	"\xe1\x72\x56\x17\xac\x7e\x6d\x3d\xcc\x23\x30\xa3\x72\x58\xcd\x9e"
	"\xbb\x0e\x2c\x8f\x1d\x10\x2c\xea\xec\x2b\x00\x9c\xbc\x20\xb4\x0a"
	"\x9d\xcd\xb9\xb7\x6d\x62\x33\x77\xaa\xd2\x71\xe7\xf3\x65\xd0\x36"
	"\xca\xe4\x8c\xac\x84\x25\x94\xb5\xb4\xf0\x1b\x08\xd8\x45\xd9\xe7"
	"\x53\xc9\x4a\xb9\xa5\xf7\xe9\x98\xf6\xb4\xeb\x4a\x48\x6c\x0e\x2e"
	"\x7e\x6b\xb7\x8d\xaa\x0c\x37\x45\x4d\x1c\x8f\x5d\xae\x62\x92\x0d"
	"\xd1\x84\x77\x9a\xd4\x6c\x0f\x09\x6e\x8a\x4a\xe9\x24\xaf\x31\x81"
	"\x99\xb6\x54\x33\x35\x80\xc4\xbd\xa3\xa7\x83\xd4\xe8\x49\xf3\x20"
	"\x74\x41\xe7\x43\x93\xf8\xbc\x6e\xc2\xa4\x2e\x77\xfa\x25\x13\x18"
	"\xbb\x62\xc2\xd5\x42\xb3\x3b\x04\x15\x1f\xf6\x36\x87\xe5\x57\x31"
	"\xd7\x90\x91\x2a\x32\x26\x41\xaa\x5d\x70\x41\x1a\x7b\x78\x4e\x17"
	"\xa2\x3a\xc1\xaf\x7a\x19\x8e\x3d\x20\x63\xff\x0d\xed\x35\x0c\xb4"
	"\xad\xa9\x9c\xbf\x5a\x9a\xed\x62\x30\xf8\x66\x2c\xdc\xf5\x97\xeb"
	"\xf9\xf4\x2a\xb4\x73\x0d\x76\x74\xce\x77\xb7\xce\x62\x79\x0d\xfa"
	"\x76\x76\x05\x4b\x16\xf3\xc5\x55\xe8\xcd\x35\xe8\xdb\xc5\x32\x3a"
	"\x7c\x1d\xfb\x85\x7f\xd8\xac\xa7\xd3\xc3\x15\xf0\xdb\xd9\xfa\x3a"
	"\x74\x79\x15\x7c\x71\x25\x7a\x7c\x33\xc7\x67\x1d\x55\x9b\xdb\xdb"
	"\xf9\x58\x74\xe2\xad\x69\xe6\xf3\xeb\xf0\xf3\xd9\xd5\xf8\xa3\x7f"
	"\xe5\x17\xa3\xdb\x1b\x92\xe5\xe8\x49\x17\xe6\xcb\xe5\x6c\x1a\x8c"
	"\xae\x3d\xa9\x36\xf9\x74\x76\x3b\x16\x9e\xed\xd7\xeb\xf9\xe8\x99"
	"\xc7\x75\xf4\x4c\xde\x1f\xd9\xb3\x6e\x38\x9d\x8e\x9e\xaa\x0c\x3d"
	"\xbf\x0a\x3d\x7a\x6e\x1c\xf6\xcb\xd9\xcc\x1d\xb4\x2f\x0c\x13\x16"
	"\x38\x01\xec\xb3\x54\x53\xb2\x45\x32\x17\xc8\x68\x69\x3d\x04\xa2"
	"\xd4\xcc\x36\xb3\x51\x48\xe2\xd0\x75\x67\x34\xd2\x19\x8d\x5c\x8c"
	"\x41\x16\xd5\x62\x39\x5d\x8e\x43\x2e\xa7\xeb\x51\x2d\x62\x8f\x57"
	"\x56\x63\x91\xf2\x43\x63\x1c\xb7\x9a\x1a\xae\xd3\x3a\x00\x1e\xef"
	"\xdc\x04\x6c\xa2\x1c\x71\x13\xa5\xa0\xe1\xb6\x6b\x34\xd8\x26\x53"
	"\x08\xb0\x5c\x91\x7a\x24\x12\x73\xd6\xef\xe1\x08\x3f\x11\x3f\x07"
	"\xe9\x5b\x1c\xb4\xd2\x3d\x64\x7a\x62\xef\x3c\xbc\xdc\x7c\x80\x16"
	"\x01\x5c\xda\x31\xe3\xe8\x40\x16\xd4\x52\xac\xa4\x14\x1e\xac\x10"
	"\x7a\xc0\x86\xe7\x7a\x7b\x37\xa9\x83\xcf\xf3\xe5\x52\x74\x00\xe7"
	"\xdd\xf1\xea\x76\x67\x84\x24\x5f\x2f\x91\xeb\x25\x03\x98\x0e\xde"
	"\x8d\x19\x0c\x95\xe1\x62\x6e\x5c\xe6\x76\x04\x66\x79\x43\xff\x54"
	"\x45\x06\x7e\x23\xe8\x49\x8f\xe4\x41\xc1\x9e\x56\xe2\x27\x67\xb0"
	"\x3f\x44\x1e\xff\xd0\xb9\xb3\x76\x66\xae\xdd\xc8\xa7\xa8\x8e\x4d"
	"\x7e\x18\x3a\x06\x53\x84\x26\x0b\x33\x3f\xe8\xa0\x5c\x89\x4b\x50"
	"\x0b\x68\xc7\xdf\x1e\xb1\x9f\x63\xcf\x80\xb4\xd7\x97\x90\x02\x11"
	"\x30\x4a\xf5\x8e\x9e\x29\x97\x5b\xe5\x04\xfd\x3d\x61\x2f\x8a\xbf"
	"\xdd\x7f\xbf\x7f\x79\xf8\x2f\x65\x57\xd6\xdc\xb8\xad\xac\xff\x8a"
	"\x2a\x4f\x27\x55\xc9\x09\x49\x59\x8b\x1f\xf2\x00\x71\x91\x18\x73"
	"\x1b\x02\xb2\x68\xbf\xb0\x3c\xb6\x32\xe3\x8a\x63\xcd\x95\x35\x75"
	"\x26\xff\xfe\xa2\x01\x52\x24\x48\x34\xc0\x3c\xcc\x22\xf6\x47\x00"
	"\xc4\xda\x00\xba\xbf\x3e\xce\x9e\xde\x5f\x66\x1f\x92\xbd\xf7\x38"
	"\x3b\xbe\x7f\x85\x87\xe0\x86\xab\x6e\x7f\x21\x84\x17\x6f\xcf\x04"
	"\xe2\x67\xd6\x61\xb6\x83\x7f\x9b\x98\x43\xfd\x72\x03\x37\xb0\x3c"
	"\x7e\xce\x8b\xd1\x47\x09\xe1\x88\x66\xe6\x5a\xaa\xf0\xfd\x78\xfe"
	"\xf2\xcf\x8c\x08\xc7\xe7\x86\x4f\x18\x76\xe4\x6f\xdf\x87\xe6\x80"
	"\x22\x21\xfe\x9d\xcd\x59\x2c\x76\x86\x20\x60\x82\x23\xb8\xde\x86"
	"\xa4\xa4\xda\x5c\x77\xc7\xcb\xf1\x7c\xfa\x72\x7c\x3f\x7d\xff\x90"
	"\x9e\x1a\x45\xe7\x99\xdc\x16\x42\x21\x9c\x10\xc9\xee\x10\x92\x4a"
	"\xfe\x5c\x78\x29\xed\xc3\xcc\x7f\xe0\x35\x71\x4f\xca\x18\xac\x2f"
	"\x20\x94\xb4\xfe\xb3\xcf\xdf\xdf\xff\x0f\x58\x94\x67\x1f\x97\xa7"
	"\xcb\xeb\xc7\xe5\xf5\x79\xf6\xfc\xf4\xf6\xfc\xfd\xad\x25\x94\xd5"
	"\x7c\x14\xef\x1f\x3b\x6c\xaf\x2f\x2c\x5d\xf8\x56\x7f\x57\xe6\x8c"
	"\x25\xb0\x7b\xc1\x8c\x3e\x20\x06\x5e\x0e\x51\xea\x07\x56\x8d\xfb"
	"\x32\x86\xd9\x43\x10\x48\x4b\x6b\x0b\xbd\xf7\x17\xbc\xde\xb3\x36"
	"\x1d\x9f\xe1\xf0\x4f\xc7\x37\x97\x7b\xba\x89\x10\xce\x46\x60\x83"
	"\x90\xee\x42\xa5\xc1\xf6\x11\x50\x41\x79\x5f\xcf\x97\x1b\x84\x0d"
	"\xb4\x4d\x27\x67\xf8\x75\xcd\x9e\xef\x98\x7b\xf4\x13\xe6\xec\x7c"
	"\x52\xf6\x2d\x76\xcd\x60\x7a\xa8\xa5\xf7\xa0\xd9\xa0\x18\xa0\x90"
	"\x98\x03\x9e\xcd\xb2\x43\x0f\x5f\xe8\xb7\xac\xe0\x7c\xe1\xea\xda"
	"\x78\xd2\x20\x61\xd8\x7a\x93\xe3\x86\x70\x1c\x43\x10\x16\xd8\x56"
	"\x1e\x17\x24\x33\xb8\x44\x02\x24\x2d\xc1\xd5\xc9\x08\xd9\xa3\x4d"
	"\x12\x43\x28\x88\xb4\x48\x62\x98\x43\xf0\x76\xdb\xcf\x83\x9a\xaf"
	"\xce\x75\x9e\x25\x0f\x66\x14\xef\x04\x16\xc0\x3d\x7a\x14\x1d\x6f"
	"\x7a\x8d\xdf\xf5\xef\xee\xd5\x86\xbe\x70\xef\x8d\x3c\xdb\xfb\xf9"
	"\x1b\x3a\x21\x87\x80\x9f\x01\xd6\x9e\x6c\x74\x0e\x54\xe1\x1a\x49"
	"\xe0\x57\x3a\x8f\xc4\x92\x8d\x18\xc3\x9a\x11\x26\x7c\x6f\x47\x39"
	"\x5c\x05\x75\x50\xf0\xf2\x61\x8e\x14\x1d\x8c\x7f\x02\x87\xe1\xc9"
	"\x48\xb9\x7e\xad\x62\x7e\xe1\x77\x4a\x5e\x5f\x4b\x11\xaf\x1e\x88"
	"\x64\x57\x1d\x7a\x07\xeb\xe4\xf5\x46\x9c\xcf\x75\x30\x91\xb6\x20"
	"\x42\x55\x9b\x4e\x0e\xa3\x20\x4c\xe0\x06\x43\x89\x90\x25\xde\x28"
	"\x99\xbb\x72\x5d\xfd\x58\x6f\x00\xa8\x3e\x7c\xfd\x1c\x84\x44\x47"
	"\xc8\x0f\xbc\x10\xf3\xb5\x63\x48\x21\x02\x84\xa3\x8b\x9a\x20\xca"
	"\x1f\xd4\xf7\x9b\xbd\x20\x9b\x81\x4b\x03\x96\xef\xe1\xb6\xb4\xa7"
	"\x86\x71\x00\x38\x30\x42\x0c\x7a\xcc\xc3\x20\xbc\x4f\xc7\x7e\xb9"
	"\xf2\xe9\xf0\x7e\x5a\x07\x21\x61\x68\x83\x50\xf4\xca\x09\xb4\x9e"
	"\xb0\x8c\xd2\x6d\x09\x65\x87\xf0\x88\x46\x96\x03\xa0\x1a\xac\x1b"
	"\x85\xc7\x98\x60\x9d\x6f\x04\x05\x19\x8e\x2a\x43\xfa\x80\x3b\x7e"
	"\x46\x05\xdd\xe6\x83\x60\x15\xc3\x2e\xed\xfd\xc1\xc8\xd6\x7e\x71"
	"\xfe\x29\x50\x19\xf1\x24\x2d\xc3\xf1\xfc\xe7\xe9\xfc\x37\xa8\x50"
	"\xbf\xb4\x1c\x0d\xa0\x5f\xb1\xaf\x47\xfe\xf4\x6d\xb8\x98\x8b\x4f"
	"\xb2\x7d\x37\x5f\x15\xe0\x4a\xca\xb8\xde\xc3\x75\x68\xed\x33\x7c"
	"\xb1\x65\x84\xf2\xbf\xf6\xe5\x26\x47\xa8\x31\xf4\x44\x11\x94\xa6"
	"\x43\x97\x87\x34\xa5\x03\xfe\x40\xc1\x10\x59\x90\x6d\x48\xf5\xa4"
	"\x5d\x5d\xca\xbd\x22\x81\x07\x8b\x96\x3f\x29\x28\xf3\xb8\x9b\x76"
	"\x1b\x63\x8b\x41\x19\x50\x90\xfa\xcd\x10\x71\x16\xce\xea\xf7\xbc"
	"\x86\x1f\x6a\x84\x3b\xaf\x43\x8a\xb8\xe0\x0f\x99\x3f\xc8\xac\xf4"
	"\x77\x8d\x9d\x6d\x1f\x31\xa0\xf1\xc8\x24\x11\x2a\x84\xe8\x89\x53"
	"\xd3\x15\x87\x74\x8d\x01\xa8\x38\xef\x86\x19\x8d\x46\xe8\x10\x06"
	"\xf2\xcb\x44\x25\xbb\x6f\xe9\x61\x04\xc7\x15\x6c\x11\xb7\x43\x2f"
	"\x49\x48\xbc\x20\xe2\x82\xad\xa5\xa2\x52\x3b\x94\xe7\x2b\x72\xcc"
	"\x8d\x8e\x50\x06\x73\xd0\xd5\x98\x64\x3c\x97\x08\x6e\x4e\xd0\xe7"
	"\xf1\xde\x1b\xa4\x70\xe7\x0f\x79\xe5\x51\x84\x9b\x80\xf2\x4d\xa2"
	"\x74\x44\x12\x01\xff\xf0\x1d\x9b\x9f\xdf\x37\xf6\xa9\xd8\x66\x9c"
	"\xeb\xde\xf5\x2e\x2f\x8a\x51\xaf\xb9\x6e\x8a\x69\x81\xde\x2c\x2b"
	"\x98\x22\x61\x13\xec\x6d\x98\xb8\x30\x06\x1e\x54\x1f\xed\x5d\xbd"
	"\x44\x15\xef\x70\xc5\x6a\x68\xaf\xd7\xb2\x41\x70\x7d\x89\xcf\x21"
	"\xaf\xb3\xcf\xaf\x7f\x9e\x81\x8b\xe9\xec\x2d\xbe\x39\xa3\x44\xa4"
	"\x4f\x3b\x57\x79\x22\x8a\x27\xc8\xeb\xa7\x21\x32\x43\x2d\x9e\xf6"
	"\x75\xb9\x28\x1c\x83\x95\xd3\x1e\xdc\xec\x95\x7c\xcc\xe0\x43\x61"
	"\xdb\x28\xdf\xc7\x1b\xde\xfa\x43\xa7\x80\x20\x0a\x3a\x72\xe8\x86"
	"\x61\xf6\x5f\xef\x64\x27\x6e\x32\xff\xf5\xae\x70\xfa\x2e\x4e\xd9"
	"\x18\x25\x71\xc6\xd5\x25\x50\x93\x1b\xd2\xed\xe1\x01\xc1\x78\x8e"
	"\x11\x2e\xaf\x10\x3f\xc5\xd7\x10\xea\xf6\x71\x4a\x47\x52\x93\xe8"
	"\x44\xc6\x03\x2d\xbe\xbc\x93\xc2\x57\x89\x7c\xe1\x89\x86\xe4\x4d"
	"\x95\x0b\x76\xaa\x7b\x57\xf3\xa6\x94\x78\x18\x43\x32\x40\x52\x60"
	"\xae\xc5\x4d\x4c\x1a\x14\xef\x46\x86\x5e\xd4\x26\xc5\x1a\x83\xd4"
	"\xfe\xc7\xe7\xa8\xb1\x01\x88\x84\x43\x26\xdc\xdd\xda\xfa\x32\x80"
	"\xbd\xd0\xbb\xb3\xf5\x65\x0e\x23\x29\x79\xe4\x43\x51\x3b\x0a\x41"
	"\xbe\xbd\x27\xb8\x10\x18\xc6\x8b\xe0\xae\xce\xf6\xe9\x26\x2c\x7f"
	"\x77\x87\xf2\xc2\x4f\xfd\x86\x8e\xf9\x9a\xc8\x4f\xef\xa7\xf7\xe3"
	"\x4f\x43\x24\x6c\xd1\xbb\x69\xe7\x78\x76\xdc\x9f\x86\x77\xd1\xc2"
	"\x8c\x8f\xb2\x7c\xc8\x43\xa6\xca\x04\x69\xec\xef\xce\x0f\xc7\x71"
	"\xdd\x20\x72\x1c\x03\x52\x72\xa3\xff\x70\x9d\x1e\x3f\x7a\x51\xf2"
	"\x61\x0c\xee\x07\x40\x72\x1d\xc5\xd8\xae\xa3\x81\x89\x7d\x79\xb7"
	"\xd3\xed\x4e\xf8\xe0\x81\xb4\xc4\x0b\xf8\xc2\xde\x73\xd8\x18\x59"
	"\xce\x99\xd4\x53\xb9\x4c\x36\x07\x86\x16\x94\xf0\x58\x16\x19\xf9"
	"\xac\x34\xe8\x58\xcd\x3c\x9f\xfa\xfb\xc2\x6e\x72\xa4\xa2\xa7\xac"
	"\x35\xc0\x2c\x13\x87\x41\xb3\xee\x5e\x97\x65\xdc\xcf\x88\x15\x06"
	"\x83\xa7\xb1\xf2\x4a\x21\x8a\x85\x64\x58\xed\x11\x45\x5e\x4f\xbd"
	"\x68\x0c\x3b\xe0\x7e\x25\x97\x84\x2b\x61\xc0\x2d\xac\x25\x37\xe7"
	"\x2f\xf4\x48\xe3\xe0\xf5\x81\x3d\xa6\x78\xd6\x04\xfd\xd0\x7b\xa3"
	"\x8b\x3c\x3f\xe9\x42\x2f\xf5\x11\x10\x24\xa1\x8e\xe8\xd5\x83\x18"
	"\x3e\xa3\x29\xff\xec\xf2\xcf\xb7\xe3\xec\x3f\x2f\xaf\x1f\x7f\xfd"
	"\x32\xbb\x3c\x7d\xe3\x5a\xb9\x1f\xfc\x5a\xe6\xe9\xcf\xdd\x97\xb5"
	"\x84\xb5\x54\xf9\x36\x7f\x57\xca\xa7\xfa\xf6\x68\xc5\x39\x45\x00"
	"\xd7\x54\x4b\xe3\xfb\x08\x21\xfe\x55\x8c\x1c\x48\x89\xef\x86\xb1"
	"\xc0\x48\x86\x44\x53\x11\x10\x0d\x01\x7e\x5f\x4c\x7d\x88\xe5\xd2"
	"\xac\x36\x5d\xe5\xb1\x96\x0e\x53\x25\xda\x15\x6f\x14\xf1\xb8\xc5"
	"\x55\x48\xe4\xdb\x10\xb1\xf8\xdb\x02\xa2\x84\x4e\x81\x24\xf1\x86"
	"\xff\x63\xc0\x94\x85\xb1\x8b\xc2\xf6\x2a\x81\x10\x18\x4a\xa0\x47"
	"\x21\x61\x58\x8c\x45\x21\x15\x87\xed\x7c\x00\x47\x68\xca\xfb\x88"
	"\xee\xfc\x60\x30\x06\xe4\xc3\x8e\xe0\x71\x38\x1e\xf6\x60\x81\x7a"
	"\xf0\x79\xe6\x57\x0c\x76\x3a\xa3\x53\xf0\xf8\xc3\x11\xa1\x24\x64"
	"\x59\x6c\x94\xdf\xec\x30\xf8\x59\xc7\xdb\x0c\xe6\xed\x2d\x9f\x76"
	"\x79\x97\xe2\x8a\xc9\xa6\x1f\x69\x5d\x56\xe5\x9d\x92\xcc\xb5\xb8"
	"\x92\x01\x7b\xf4\x25\xf8\x52\x2e\xc4\x92\x46\xda\xd4\x75\x65\xbb"
	"\x88\x85\x2e\x26\x38\x30\x30\x0c\x91\x9c\x82\xee\xc8\xe7\x6e\xc2"
	"\xb4\x1c\x2a\x22\x82\x44\x01\x94\xd7\xba\x06\x21\x4c\xc7\x79\xaf"
	"\x72\x51\xb5\xe3\x3c\x45\xd8\xbd\xc5\x0a\x62\x20\xf6\x0e\x52\x41"
	"\x79\xc9\x57\x83\x31\xbf\x77\x90\xaa\x3b\x6d\x64\x2e\xec\x23\x30"
	"\xb5\x4e\x64\x13\xc5\xf9\x20\x41\xb9\x94\x48\x9e\xca\x94\x64\x04"
	"\x6e\x0a\xe1\x87\x7e\xce\xe0\x2f\x88\xb6\x1e\xd9\xe3\x1e\xea\x48"
	"\x7b\x60\x2d\x72\x90\x7b\xf4\xbb\xf0\xa1\x1f\x91\xa0\xa6\x19\x29"
	"\xe8\x2e\x67\x83\x02\xb1\x5d\x9c\xc1\x84\x7e\x1f\x83\xba\x82\xb9"
	"\x59\x40\x41\x86\xf5\xda\x17\x86\x25\xc1\x44\x10\x05\x0d\xf1\x8d"
	"\xe4\x52\x58\xd1\x30\xd9\x63\x58\xe6\x68\xaa\x70\xc9\x04\x6e\x10"
	"\x78\xbb\x0c\xd8\xf1\x3b\x91\x0c\x21\x32\xa8\x07\xbe\xaf\x1f\x44"
	"\xfc\xea\x64\x72\x3f\xad\xd4\x66\xb3\xc5\x8e\xd4\xa3\x5e\xa8\x66"
	"\xfc\x52\x23\x90\xfa\x9a\xf0\x62\xa0\x18\x02\xb4\x8c\x2d\x1a\xec"
	"\xb6\xcb\x99\xdc\x6f\x30\x44\x7b\x5a\x23\x91\xd3\x50\x35\x44\x49"
	"\xcf\x29\xab\xf3\x4c\x18\xf4\xc9\x3e\x24\x4d\xa8\x03\xa4\x7b\xe7"
	"\x4a\xac\xde\x36\x0a\xf7\xc0\x4f\xa0\x0b\x38\x33\xf6\xca\x88\x63"
	"\x35\xa4\x60\x13\x8f\xa9\x1b\xcb\x79\x16\x20\x03\x03\x0c\x0f\xfa"
	"\xd0\xf0\x13\xdf\x4e\x70\x15\x58\x1b\x23\x3d\x1a\x45\x43\x65\x21"
	"\x46\x56\x47\x7c\x34\x50\xdd\x7d\x85\x49\x20\x2a\x07\x12\x22\x65"
	"\x8b\xe9\x84\xc4\xa7\x21\x1a\x93\xb2\xd1\xba\x31\x31\xc4\x18\x43"
	"\xe3\xfa\x80\xb0\xd5\xb3\x13\x6d\x85\xb0\xbd\x42\x35\xcb\x7f\xd6"
	"\xf7\xa2\xfe\x4b\xae\x5d\xd5\x89\xae\xfd\xee\x43\xa6\x98\x8a\x36"
	"\x31\x09\xb0\x78\xb7\x59\x32\xb8\x04\x95\x7a\x0d\xc4\x57\xea\xa8"
	"\xbf\x5f\x54\xba\xe9\x80\x6f\xe2\xcf\xaf\x9f\xbf\x03\x89\x2e\xfd"
	"\xdf\xeb\xe5\xf9\xeb\x8c\x9c\x9f\xbf\xbe\x5e\x8e\xcf\x97\xef\xc0"
	"\xcc\x7d\x85\x77\xad\x0e\xc4\x85\x58\x19\x52\xb8\x6b\x95\x9d\x0e"
	"\x97\x63\xa1\x48\x8a\xdd\x03\x16\xef\x09\x5c\x36\x20\x3e\x20\x5d"
	"\xdf\xde\x2e\xb4\x41\x5a\x8a\xa2\x77\x2f\xc4\x7f\xd4\x1b\x1a\xc0"
	"\x05\x9c\xfa\x90\x0f\x32\xbe\x04\x86\xea\xc3\x61\xdc\x6d\x78\x96"
	"\x16\xc5\x00\x25\x66\x3f\x35\x34\x13\x7f\x9c\x2b\x28\xa6\x66\x97"
	"\x37\x51\xa4\x7b\xa9\x10\xf5\xec\x15\x1e\x89\x50\x3e\x8c\x29\x43"
	"\x8b\x26\xb1\x2e\xe8\x28\x4d\x76\xbe\x7a\x07\x24\xe3\xca\x09\x5f"
	"\x97\xe1\xad\x9d\x4f\x98\x8f\xde\x18\xde\x91\x03\x16\xfa\x42\x5c"
	"\xcd\x84\x5b\x42\x91\x66\x02\x79\xc9\x92\xb5\xbb\x70\x90\x8b\x1d"
	"\x29\xf5\x86\x05\xe2\x23\x79\xb5\xae\x2a\x34\x51\xfe\x07\xeb\x57"
	"\x20\x8e\x8b\xdd\xa0\xc8\x6d\x48\x32\x9e\x70\x3f\xaf\x2b\x25\xed"
	"\x21\xa0\x08\x9c\x8f\xad\x2c\x00\x42\xa5\x20\x65\x61\xaf\x45\x15"
	"\x99\x3a\xfa\x80\x6f\x11\xd7\xf6\xb8\x74\x79\x97\xd8\x72\x63\x69"
	"\x3f\x6c\x55\x5f\xb4\x29\x73\x02\xfd\x55\x0d\x0e\xee\xa7\x11\x9f"
	"\xb3\x2c\xa9\xfa\x5c\x55\xcf\xf5\xa9\xc2\xc2\x96\xe0\xa2\x92\xc6"
	"\xca\x8e\x60\x97\x03\xcf\xbe\x25\xbb\x94\x94\x5c\x61\x55\xde\xe3"
	"\xa3\x36\x2c\x19\xb2\x41\x49\xc1\x7d\x35\xac\x6c\xa9\x36\x54\xf3"
	"\xfa\xc2\x96\x44\x1d\x78\x8a\x2c\x84\x18\x01\x98\xb0\xbf\x3d\xef"
	"\x0b\x28\xd3\x3f\x67\x08\xfe\xf1\x21\x20\xa3\x11\xf6\x18\xb8\x9e"
	"\xe3\x5a\xbe\x8c\x2f\x92\xbc\xaa\xb3\x8c\x0c\xdf\x16\x01\x2c\xf9"
	"\x62\x4b\x05\x1c\x8d\x42\x23\xdc\x7f\x47\xd3\x7a\xf8\xfe\xf4\xf9"
	"\xed\x38\x3b\xbc\x42\x34\xbe\xff\x34\x71\x29\x5f\xdf\xbf\xcc\x4e"
	"\x32\x7c\xdb\xcf\xb3\xcb\x89\xa3\x8f\xb3\xcb\xd7\x16\xa5\x99\xcb"
	"\x0f\x58\x78\x74\x1a\x64\x9a\x68\x0b\xdf\xbe\x5f\xd0\xa3\x13\x41"
	"\x1e\xdd\xd5\x9d\xe4\x92\x56\x4d\xef\xe4\xb3\x28\x82\xbb\x84\x64"
	"\x10\xa1\x5a\xca\x60\x19\xc5\x42\x90\x4a\x04\x15\x81\x29\xef\x52"
	"\xc4\x11\x47\x82\x52\xc2\xca\xb8\xba\xd3\x51\xca\xef\x3f\x8e\xe7"
	"\x37\x38\x42\x7f\x7d\xbf\x1c\xcf\x7f\x3e\x0d\xe2\xec\x34\xef\x83"
	"\x1b\x95\xb9\x1c\x7f\xe4\x0f\x03\x80\x22\x0e\xef\x07\x11\x9f\xda"
	"\xc7\xd8\xfc\x21\xe5\x5c\x1b\x86\xf0\x53\xcc\x0c\x11\x7e\xea\x48"
	"\xf3\x60\x41\xff\xae\x2f\x6f\x72\x52\x2a\x7b\xbb\xf6\x59\x3d\x70"
	"\x41\xd1\x01\x8a\xc5\x62\xbd\x9e\x02\xba\xb5\x80\xd8\x1d\x12\x38"
	"\xe9\x0a\xf9\xc4\x5c\x07\x31\x3e\xe8\x61\x3c\x77\x69\xc1\x04\x4d"
	"\xb4\xdd\x72\x89\x30\x21\x5c\x91\xc9\x9d\xb5\x50\xa8\x21\xad\x82"
	"\x10\xdd\x38\xb4\x24\xc5\x7c\xb2\xbc\x71\x97\x56\xd0\xfa\xc6\xb5"
	"\xd4\xb8\xec\xed\x96\x6f\x4b\xd7\x73\x6f\x6e\xc7\xcc\xe7\xb6\xbc"
	"\xaa\xd5\x7c\x61\x69\xdd\xd4\xa7\x16\x40\x51\xba\x9e\x6b\xc6\x64"
	"\xe1\x81\x21\xb7\xcb\x57\x0c\x04\x62\x86\xfd\x8b\x25\x3b\x4a\x52"
	"\xba\x47\x36\xd9\x1d\x88\xe5\x07\x72\x40\x82\xbb\x75\xa8\x7d\x66"
	"\xed\x24\x39\x9f\x77\x6e\x2c\xed\x9a\x7a\xd2\x64\x04\x0b\x78\x7d"
	"\x45\x56\xf6\x91\xe2\x93\xc2\x75\x2b\x4b\x07\xd8\xf8\xba\x13\xb6"
	"\xae\x45\x58\x6f\x01\xcd\xb3\x10\xdc\x13\xcb\x50\x9c\xfe\x65\xb9"
	"\xa0\x29\x1f\xda\x85\xb1\x43\xae\x07\xe9\x22\xf7\x29\x09\xe6\xb0"
	"\x81\xb0\xa4\xd7\x61\x74\xa5\x2e\x02\x19\xec\x20\x29\x4a\xf0\xe1"
	"\x0e\x3a\x26\x05\x21\x3a\x94\x90\x12\xf8\xb4\x35\x81\x13\xd4\x0b"
	"\x13\x61\xd5\x87\x86\x1a\x4f\xf2\x4c\xc4\x27\x05\x03\x71\x9e\x7d"
	"\x1d\x5a\xfa\xa0\x31\xb8\x42\x6f\x39\x41\x97\x0a\xbe\x92\x50\x16"
	"\xab\x06\x0c\xed\xb3\x9a\x64\x04\xbb\xdf\xe9\x30\xf3\xc0\x02\x08"
	"\x62\x33\xc0\xcf\x37\xc8\x59\xd2\x15\xb2\x8d\xbc\x3b\x0b\xa2\x8c"
	"\x0b\x3b\xa2\x4e\x6d\xa0\x7d\xcc\x27\xcf\x14\x89\x60\x77\x85\x09"
	"\xf5\x95\xf8\x16\x14\x8d\x83\xf0\x10\x67\x01\x62\xba\x71\xc5\xb1"
	"\x14\x59\xfb\xba\xfc\xa2\xbc\x44\xf6\xb4\x57\xcc\x81\x94\x65\x9c"
	"\x5b\xb2\x4a\xc9\x96\x6b\xcf\x88\xde\xd5\x15\xbc\x20\x7e\x98\x23"
	"\x41\x3d\x55\xd4\x86\x20\xe7\x12\x1d\x0c\xec\x86\xac\x55\x70\x88"
	"\x03\xfe\xc3\x0c\x7a\xdc\x85\xd9\x6e\x6f\xe9\x2a\x84\x2e\x1c\x24"
	"\xfa\xf4\x15\x03\xea\xd3\xc0\xb6\x76\x08\xa9\x0a\x12\x68\xc7\x04"
	"\x08\x6a\xc4\xcc\x46\x05\x81\xfa\x69\x86\x15\x54\x00\xb1\x70\x66"
	"\x72\x84\x0a\xf3\x44\x86\x0e\x60\x31\x91\x53\xbf\x0c\xc3\xde\xe9"
	"\x76\xef\xa1\x3a\xb9\xf6\x05\x63\x62\x6e\xc1\x83\x20\x89\xcc\xbb"
	"\x99\x51\x4d\x0a\x82\x71\xe5\x58\x40\x87\x21\x36\xca\x7d\xd8\x1d"
	"\x41\xdc\x5a\x3a\xe9\x85\x2d\x73\xdd\x85\x3b\x0d\x4a\x93\x6a\x89"
	"\x84\x30\x1c\x62\x33\x36\x5f\xfe\xf8\xf1\x63\x62\x11\x6e\xab\x8a"
	"\x6b\x23\x56\x70\xc4\x16\x95\xb7\x9c\x08\xab\x0f\xfb\x6a\x4b\x26"
	"\x16\x60\xb1\x44\xd4\xdc\x3e\x74\x07\x91\xd0\x51\xd7\x99\x31\x12"
	"\xfc\x53\x80\x76\x60\xbd\x5a\xdf\x16\x6e\xbd\x76\xd7\x8b\x62\x3e"
	"\xb5\x46\x5c\xf7\x5f\xb6\x77\xb4\x0b\x26\xa7\xbd\xd0\xb1\x78\xf5"
	"\x81\xd7\x50\x59\xda\xea\xa5\xa8\x00\xf4\x6e\x11\x38\xf8\xe1\xf7"
	"\x9f\xfe\x3c\x3d\x3f\xbd\x5d\x8e\xcf\x5f\xeb\xcb\xe9\xfb\xf3\xd7"
	"\x9f\xf4\x45\xda\xe6\x79\x10\x57\xbc\x54\x95\xbd\x01\xa0\x53\x55"
	"\xbc\xab\xc0\xb1\x45\x90\xa0\x83\xd8\xfc\x4a\xed\xcf\xab\x7f\xd7"
	"\x80\x56\x74\xf3\x0d\x9b\x72\x1c\xb1\x10\xf2\x5f\xae\x78\x97\xd1"
	"\xc4\xa8\x94\x36\xc4\xd1\x81\x2f\x91\xb5\x9e\x02\x44\x99\x3b\x4a"
	"\xae\xfd\x96\x4d\x84\x6d\x6d\x31\x48\x40\x57\xeb\x1b\xfb\xf8\x20"
	"\xc1\x6a\xc0\xe3\x86\xc3\x6e\xed\xb0\xd2\x75\x3c\x77\xd2\xb0\x10"
	"\xc7\x61\x75\x5a\xd9\x6b\x94\xec\xf9\xa6\x2a\xae\xfc\xb8\xb4\x42"
	"\x37\x7b\xcf\x75\x5c\xfb\xb8\x82\xc6\x04\xcf\x9f\xd8\xcf\xd6\x73"
	"\xd7\xde\xd9\xfc\x87\xb5\xcf\xd2\xad\xeb\x3a\x13\xa0\x8c\xd1\x02"
	"\x67\x6f\x1a\x63\x6f\xa6\x81\x81\xa4\xa8\x40\xee\xe7\x94\xee\x4a"
	"\xd2\x82\xee\xe2\x09\x29\x86\x21\xb3\x0f\x9a\x70\x4b\x12\x52\x4d"
	"\x84\x99\x1c\xa2\x94\xd9\x61\xff\x47\xcc\xe8\x7e\xe2\x60\xb2\xc2"
	"\xe2\x24\xe6\xed\x6e\xc7\x6d\xf7\xd9\xe3\x84\x6a\xb9\x63\x91\xe7"
	"\x7a\xf6\x41\x11\x62\x9a\x9c\x0a\xb2\x37\xd9\x81\xf0\x39\xb6\x3e"
	"\xac\x1d\xc7\x9d\x88\x9d\x32\xc2\xf8\xac\xe5\xba\xeb\x09\x49\xf2"
	"\x2d\xfb\xc2\x71\x26\xac\xe5\x29\x75\xdd\x1b\x3b\x2c\x4c\x22\x02"
	"\x2c\x31\xc5\x04\xac\xf8\x61\x6f\xe0\xb4\x5a\xee\x13\xae\xc6\xd8"
	"\xbf\x3a\xce\xc2\x2a\xb6\x57\x79\x7a\xb7\x42\xe2\x34\x2b\xf3\x6c"
	"\x98\xa5\x60\x18\x6f\x6f\xe5\x80\x09\x55\xc3\xb1\xcf\xb8\xe2\xff"
	"\x25\xea\x88\x3f\x82\xf2\x2d\x8c\xbd\x9c\xd3\xa6\xc7\x43\xc0\xd6"
	"\xab\x6a\x9a\xda\x22\x2e\x91\xf2\xb4\xc8\x69\xcc\xc2\x69\x25\x8d"
	"\x99\x37\x61\xee\x65\x10\x0e\x8a\x4f\x13\xf9\x14\xa4\xe7\x38\x37"
	"\x13\x71\x8b\x89\x38\xfb\xb8\x2e\xd3\x29\x0a\x33\x8d\x93\x90\x04"
	"\x13\x60\x74\x52\x7d\x53\xe6\x7a\x73\x6f\x02\x2c\x8d\xa6\x14\x6e"
	"\x2f\x0c\x27\xe7\x93\xf4\x22\x5a\xad\x97\x8b\x09\xd5\x5c\xd0\xe5"
	"\xc2\x59\xd9\xa7\xd9\xc7\x90\x2d\x3d\xcf\xde\x13\x1e\xf1\x6d\xb5"
	"\xd2\x1c\xf9\x2e\x95\x2b\xbb\x37\xb7\xe8\x45\xc2\xea\x14\x7e\x03"
	"\x9d\xac\x7a\x0c\x13\x53\x7f\x7c\x24\xcf\xd5\x1a\xf7\xa6\x32\xec"
	"\xfe\xa4\x96\xe2\x93\x02\x9f\xa7\x24\x70\x93\x12\x17\x09\x4b\xdf"
	"\x9c\xfe\xcf\x2b\x87\x7f\x05\xc3\xce\x35\x9b\x62\xa6\x64\x7d\x63"
	"\x4c\x67\x5b\x78\xc4\x28\x86\x3b\xf6\x30\x2c\x90\x2d\x7f\x0f\x05"
	"\x5c\xef\xa6\xd3\xea\x1e\x34\x08\xc1\x2c\xbf\x34\x56\x54\x5c\x97"
	"\x70\x72\x13\x7a\xe6\xfb\x0b\x5a\x90\xac\x41\x9a\x80\x15\xfb\xe3"
	"\xd6\x20\x17\xde\x8f\x29\x31\xa6\xf1\x10\x12\xd4\xee\x56\x22\xfc"
	"\xd4\x75\x4c\xb9\x94\xe1\x76\x9f\x80\x5d\x5d\x13\x6a\x1e\x3d\x05"
	"\xd8\xb7\x17\x60\x9a\xca\x33\x7d\x85\x1f\xad\x17\xab\x1b\x5b\xed"
	"\xc3\x01\x41\x09\x51\xa8\xac\x8d\x10\x54\xc9\xdc\xd8\x9f\xe3\x94"
	"\xf2\x5c\xf7\xc6\x3a\x21\x73\x4c\x19\x90\x88\xa0\xbc\xf7\x96\x4e"
	"\xd5\xd4\x09\xb5\x21\x97\x8b\xc9\xc8\x95\x0e\x29\x76\x49\xd1\xeb"
	"\xfb\x97\xe3\xf9\xdb\xf9\xf5\xfd\x32\xbe\x7d\x14\x7b\x5f\x71\xca"
	"\x25\x0c\xeb\xf5\x0e\x07\x0a\x20\x4c\x44\x60\xf1\x8c\x5c\x67\x89"
	"\x08\x1c\x56\x3b\x88\xc2\x52\x29\x77\x74\x3d\xe9\xc4\xe2\xa9\x7e"
	"\x99\xe3\x02\xf2\xdd\xe7\x1f\x7a\x66\x8e\x34\x1e\x6f\x0a\x44\x82"
	"\xbb\xa7\xf3\x8b\xf0\xeb\x89\x7f\xcb\x67\x63\xfb\x65\x74\x59\x85"
	"\xe8\x21\x5a\x4a\x48\xff\xeb\xd3\xf9\xe9\xf9\x72\x3c\x37\x77\xbb"
	"\xbd\x5b\xc3\x81\x55\x8a\xd6\xc1\x7c\x9f\xc5\xd5\xed\xba\x2e\xd8"
	"\x43\x9f\x65\x45\xf8\xd0\xa0\x0f\x65\x4c\x8f\xdf\xdd\xa5\x5a\x70"
	"\x92\xd4\x99\x34\xf7\x0e\x48\xa9\x9f\x91\xb8\x06\x4f\x91\x93\xa1"
	"\x52\x50\x41\x0f\x86\x7b\x9b\x75\xc0\x27\x7f\x11\x6d\x08\xbc\x70"
	"\x07\xae\x3b\x69\x98\x6a\x98\x84\xcf\xaf\x4f\x6f\xbd\x3b\x73\xb5"
	"\x98\x22\xee\xbc\xdf\x3f\x12\x69\x04\x6b\x6f\xe1\x68\x1f\xf2\x8c"
	"\x8a\x32\x94\x74\xd2\xe0\x3f\x99\xab\x54\x7c\x7d\x64\x04\x87\xdb"
	"\xba\xaf\xe8\x83\x46\x4e\x23\x4a\x5e\xc2\x07\x41\x23\xc8\x4a\xe1"
	"\x72\x42\x7f\xf7\x74\xd2\x92\x37\x4a\x9c\x86\x57\x88\xb6\x74\x10"
	"\x77\x3b\x0b\x90\x05\xa3\x0f\x24\xb4\x08\xf9\xc7\xde\xef\xf5\x6c"
	"\x8d\xca\x17\xd3\x04\xab\x8c\xe0\x60\xcd\xa8\x64\xde\x7a\x5d\x59"
	"\xb2\x48\xd9\x72\xb1\x5a\x69\x72\xc9\x23\xad\x0d\xba\x3c\xae\x39"
	"\xbd\xff\x0a\x6f\xf3\x27\xa2\x3b\x08\x13\x3a\xcd\xe8\x6e\x92\x22"
	"\xe9\x06\x6c\xac\xb1\x90\x58\x43\x94\x6b\x42\xb5\x3d\xac\x26\x25"
	"\x04\x20\x49\xe3\x1d\xe6\x5b\xde\xbc\xc0\xf7\x7a\x73\xd7\x71\xec"
	"\x90\xca\x04\x81\xc6\x4a\x06\xea\xbe\x8a\xf0\x15\xff\xa9\xde\x43"
	"\x1d\x63\x47\x23\xa6\xbe\x9f\x55\x85\x29\x5f\xea\xbb\xcb\x98\xae"
	"\x2a\x63\xe1\xe0\x68\xb3\x24\x35\xb8\xae\x0f\x3b\x15\x02\xb5\xc1"
	"\xe2\xa8\x5a\x56\x4b\x63\xa5\x55\x60\xf4\x57\xd5\x05\xb5\x26\x46"
	"\x10\x1e\x97\x46\xcc\x3b\x79\x9d\x14\xb6\x44\xf8\xaf\xb0\x02\x2e"
	"\x9d\x20\xde\xc6\x22\x2a\xa4\x09\x0d\x06\xf4\x98\x39\x25\x9f\xbc"
	"\x1b\x37\x33\x3d\x87\xcf\xbd\x5f\x07\xbe\x8f\xda\x1d\xc5\x79\x6d"
	"\xb2\x88\x8d\x8b\x34\xe6\x6b\x75\x16\xe8\xcd\x5d\x77\x87\xba\xe4"
	"\x42\xd5\xa0\xed\xfa\x50\xfa\xa2\x43\x28\x1f\xfd\x5c\xde\x01\xc7"
	"\x0e\x14\x23\x08\xf8\x41\x56\x55\xeb\xdb\xd3\x38\x52\x3c\x6b\x16"
	"\xb5\x9e\x4b\xd7\x41\xe3\x5e\xda\xa3\xae\xe0\x7f\x0a\x7d\xc9\x78"
	"\x6f\x48\x1e\x06\x35\xde\xa6\x5a\xa4\x8a\xcd\x33\xfc\x86\x7b\xca"
	"\xa8\xc6\x4c\x89\x04\x82\xc6\xba\x9b\xf9\xb6\x9e\x04\x4b\x39\x5c"
	"\x89\xc3\xba\x25\x8c\x54\xa5\xb1\x8f\x72\x84\xdc\x36\x89\xd7\x33"
	"\x0e\xe5\x3f\x6a\x71\x43\x0d\xec\x19\xea\x63\xd8\xd3\x13\x55\x55"
	"\x85\xa7\x3b\x0e\xd6\x9b\x34\x71\xa9\x24\x46\xe9\x02\x7d\x7f\x7b"
	"\x3b\xfe\xe0\x95\x0b\xe5\xf0\xbf\xbe\x7e\xd3\x4d\x8a\xf0\x1a\x29"
	"\x37\x52\x81\xe5\xa9\xf3\x5d\x06\xd7\x7f\xf4\x9d\x49\xe6\x60\x50"
	"\x96\xaf\x80\x01\x91\xcb\x08\x91\x30\xff\x66\x8e\x9c\xc1\xb4\x98"
	"\xc2\x27\xb7\x8b\x1b\x77\x02\xe6\x87\x19\x13\x67\xa8\xaf\x64\x8b"
	"\xe1\x1b\x08\x54\x1e\x84\x53\x53\x49\x93\xca\x2f\x92\x00\x69\x9c"
	"\x5d\x98\x14\x40\x02\xb1\x17\x0e\x4a\xd7\x0e\x72\xd5\x14\x37\xdf"
	"\x3f\x7a\x0d\xd4\x75\xa0\x7f\x3e\x2e\xc7\xbf\x67\x9f\xb9\xb4\xd1"
	"\x73\x66\xff\xf9\xfb\xf4\x71\x79\xfb\x67\x76\xfc\xfb\xf3\xf1\xe5"
	"\xe5\xf8\x32\xfb\xad\x41\xfd\xca\x57\xc2\x67\xde\xd0\x3f\x0f\x5b"
	"\xd8\xe7\xdd\x12\x63\x38\x12\x72\x60\x57\x30\xb6\x6b\x10\x42\x4c"
	"\xb6\x03\xe1\x2b\x88\x6e\x21\x56\xb0\x61\x1a\x22\xfe\xd5\x20\x1d"
	"\x66\xd3\xaf\x44\x76\x37\xec\xf0\x59\x9e\x92\x20\xbe\x43\x53\xcb"
	"\x71\xd3\x22\x10\xf3\x0e\x62\x2f\x6f\x51\x71\x90\x1f\xa3\xf2\xf2"
	"\x6e\x8e\x77\x67\x3e\x33\x30\xc4\x5d\x01\xc4\x72\x61\x1a\x5b\x86"
	"\xfe\xe0\xb3\xde\x3b\x57\x56\x38\xe6\x37\x9a\x42\xdb\x3f\xbd\x3c"
	"\x7d\x13\x53\xe1\xd8\x02\x54\x34\x40\x9c\x83\xbd\xea\xde\xc3\xf3"
	"\x2a\x48\x29\x99\x0d\xd1\x43\x4b\xf1\x35\xf9\x26\x67\xd1\xfe\xf1"
	"\xb1\xce\x69\x1c\xa1\x30\x46\x72\x5a\x73\xb5\x1b\x07\xc4\x19\xd8"
	"\xef\x6c\x10\xf6\xfa\xee\xc3\x7a\x5d\x77\xf8\x51\x94\x21\xc1\xd8"
	"\x84\x30\x21\xf7\xa1\xa1\x43\x82\xbf\x18\x7a\x23\xd3\x41\x48\xb2"
	"\xcd\x2d\x10\xfd\x52\x41\x8b\x58\x0d\x84\x1e\xa3\x3e\x6d\x20\x93"
	"\x01\x37\xae\xde\xab\x45\x3c\x4b\x9f\x3e\xa0\x41\xfd\xd3\xfb\xe5"
	"\x7c\x7a\x03\x6e\x87\x60\x5c\x0d\xc2\x8d\x55\xe8\x41\x7a\x15\x02"
	"\xc4\x95\xf4\x76\x95\xe1\xad\x51\xd8\x26\x66\x1b\x82\x58\xd0\x89"
	"\x3b\x54\xc3\x24\x20\x3f\xae\x1d\xe2\x28\x04\x9d\x22\x40\x08\xaa"
	"\xd3\xe0\x18\xb3\x5f\x3d\x5c\xb5\xaf\xaa\x61\x85\xe6\xb2\x1f\xa1"
	"\x69\x72\x0d\xdc\xf3\x70\x69\x05\x31\x83\xd1\xb1\x0b\x90\x32\xf7"
	"\xef\xe0\x16\x11\x05\x70\x9d\x76\x1d\xd3\xa5\x83\xe7\x52\x0d\x83"
	"\x5b\xa9\xd2\xd1\x00\x57\xc4\x8f\x0f\xd9\xa7\xb4\xa8\xb7\x9f\x06"
	"\x35\x73\xed\x24\xc5\xf9\x74\x39\x3d\x9f\xde\x9a\xde\xd2\xdf\xc5"
	"\x16\xa2\xd9\x07\x36\xca\xf0\x34\xc9\xf3\x42\xb0\x2d\x0c\x89\x84"
	"\x14\x14\x4b\xc2\xa5\x57\x39\xf8\x97\xa3\xe3\x4b\xf4\x06\x19\x6b"
	"\x05\x91\x23\xa4\x5d\x3b\xaa\x7f\x5e\x14\xe3\xa3\xa2\x82\x15\xb3"
	"\xe7\xb7\xd3\xf3\x5f\x3a\xb5\x84\x0b\x6b\x77\xb1\x5e\x03\x21\xbf"
	"\x4a\x0b\xd4\x37\xac\x6f\x7c\x91\xc0\x52\x3c\x0b\x99\x08\x1c\xce"
	"\x1f\x49\x6e\x24\x46\x52\x20\xde\xe9\x5b\xd8\x3f\xbd\xbc\xbc\x82"
	"\xdd\x3d\x9f\x76\x45\xc6\x1f\xff\xed\x2a\xbb\x59\xdf\xaf\x0a\xea"
	"\xeb\x3b\x90\x45\x35\xe3\xf6\x43\xc1\x49\x2d\xab\xf7\x1e\xff\x5f"
	"\xf7\x00\x3c\xde\x20\xf2\x65\x27\xe8\x9d\x62\xc0\x64\x63\xd2\x24"
	"\x1a\x19\xdf\x7d\x06\x46\x79\xea\x17\xde\x9c\x3a\x6b\x23\x88\xf2"
	"\xcf\x47\xf6\x05\x57\x48\xe5\x2e\x90\xad\xe6\x35\x2b\xa6\x3b\xe4"
	"\xe8\x49\xeb\x7b\xaf\xfb\x7a\x11\x63\x44\x31\xa5\xea\x23\x81\xea"
	"\x49\x39\x50\xe9\x0b\xd3\x5c\xef\x20\xd9\x61\x54\x26\x15\x98\x8b"
	"\x78\xeb\xf7\x2c\x62\x23\xf1\x6c\x5c\xe3\xe8\xac\x25\x94\xde\x91"
	"\xe3\x7c\x9f\x8a\xec\xef\xa7\x6f\xdf\xb8\x82\x25\x52\xd0\xac\x61"
	"\x22\x81\xd5\x0d\x9f\x83\xd2\xd4\x94\x87\x61\x82\x97\xe7\xf6\x07"
	"\x52\x6c\x70\x71\xc4\xe0\x1f\xec\xc4\x42\x40\xae\xdd\xce\xa4\xec"
	"\x48\x64\x69\xae\x8f\x34\x87\xa0\xb5\xb8\x9c\x4f\xc9\x48\x5c\xcb"
	"\xb6\x3a\x7d\xe4\xea\x44\xc8\x2b\x28\xa9\x41\xac\xd7\x97\x40\x13"
	"\x16\xc5\x3e\xfe\xf8\xc6\x87\xbb\xae\x19\x4c\x8e\x0f\x0d\x20\x33"
	"\x7c\x96\x30\x9a\x77\x1c\x0b\xc0\xab\x0c\x15\x03\x9b\x91\xb9\x11"
	"\x00\xd7\x08\x06\x80\x61\x38\xca\x9b\xa0\x22\xf6\xbd\xb5\xda\x0d"
	"\x64\x6f\x8d\x82\x71\xf5\x5c\x97\x18\x4b\xc5\xf1\xfe\xeb\x2e\x6f"
	"\x6c\x35\x63\x68\xf2\xd4\x9f\xcf\xd7\x6b\x43\xd5\x15\x31\xcd\x11"
	"\xf6\x11\xd9\xe8\x25\x71\x6f\x54\x06\x4a\xe9\x07\xc4\xb5\x4b\xbc"
	"\xf0\x07\x7d\x91\x24\xe1\x26\xb9\xd7\xa9\x74\x52\x26\xbc\x77\x94"
	"\x69\xa8\x7b\x2c\xfc\xf9\x28\xdb\x18\x92\x96\x38\x74\x10\x0d\x41"
	"\xf0\x5f\x86\x9d\x27\xf5\xc1\x7c\x53\xec\xdd\x2e\x3c\x2b\x6e\x6a"
	"\x7a\xf8\x48\xeb\xa3\x0c\xe3\x75\x0c\x93\x8f\x30\xfa\xbc\x06\xd3"
	"\x78\x07\x20\x7e\x01\x1d\x4f\x76\xf2\x30\x6e\x03\xf9\xdc\xe0\xc2"
	"\x59\x04\x44\x42\x51\x77\x73\x98\x05\x49\xe0\xd7\x1b\xc2\xf8\xa4"
	"\xab\x57\x2d\x45\xf4\x39\x3c\x99\xe6\xd5\x3a\xa0\xde\x0a\xe9\xd7"
	"\x0a\xc4\xb5\x43\x3c\x23\x24\x09\xb7\x39\xdf\x6c\xcd\x8d\x20\xba"
	"\xa1\x08\x43\x0f\x10\x0c\x94\xa8\xbc\x7d\x7f\xf3\xc9\x5b\x55\xc8"
	"\xd9\x6d\x8b\x01\x5b\xa4\x95\x73\xe3\x4c\x01\x79\xc6\xd2\xc4\xb4"
	"\x00\x90\x11\xc3\x13\x5a\xdf\x3a\x73\x23\x26\x29\xd6\x2b\xc4\xc6"
	"\xab\x85\xa0\x43\xb1\xcb\x47\xf0\x89\x98\xf3\x61\xfe\x7c\x89\x18"
	"\x55\xb7\x18\x49\xee\x25\xdc\x6b\x2b\xf7\x66\xb9\x58\x1a\xd1\xbc"
	"\xbe\x6f\xdc\x45\x65\xc7\xdc\x3a\x56\x8c\xb7\x58\x59\x31\xab\xf9"
	"\xc2\x86\x59\xac\x2d\x79\xf1\x1d\xfb\xfc\x66\x65\x6c\xfd\x2d\xd9"
	"\x6f\x43\x39\x59\xdd\x98\x3b\x3e\x50\x17\xcf\xcd\xad\x5b\xb2\xdb"
	"\x9b\x05\x52\x6c\x19\x02\xbe\x4d\x0c\x6e\xb4\x04\xef\x22\x7f\x35"
	"\x1b\x90\x6e\xf6\x2e\x70\x37\x96\x60\x2d\x8d\x07\x73\x37\xa8\xf2"
	"\x64\x6f\x64\x48\xa5\x29\xb0\xbf\x69\x26\x13\x25\x7a\x03\x54\x49"
	"\x4b\x6c\x37\x77\x06\xbc\xa3\x32\xb0\x82\x44\x61\xfc\xf7\x41\x20"
	"\x68\xdd\xf8\xf7\xb5\x25\x63\x4d\x34\x06\x25\x78\x82\xa8\xb5\xf1"
	"\xb4\x19\x56\x86\x80\x92\x07\xa0\xf0\x32\x53\x04\x36\xf1\x32\x9b"
	"\x78\xb2\x51\x24\x73\xd2\x10\xd9\x16\xe0\x95\x15\x56\xd2\xf5\xaa"
	"\x48\xf6\x76\xc2\xcd\xf1\x1b\x5d\x70\xc4\x69\x2f\x2d\xec\x78\x41"
	"\x99\x78\xed\xc3\x06\xb0\xac\x0c\xf9\x9d\x28\x49\x8e\x08\x60\x21"
	"\x06\xe6\xd2\x9a\xb3\x18\x9c\x16\x5c\xbf\xb3\x2f\x17\x76\xc8\xca"
	"\x0a\x59\xb9\x36\x08\x16\xd9\xbe\x64\xc2\x28\x1d\xe2\x00\xa2\x07"
	"\x63\xbd\xae\x56\xef\xb3\x24\x4e\x63\x86\xdc\x24\xf7\xa7\x96\xa5"
	"\x63\x2e\x14\xdd\xa6\x7c\x3a\x44\xee\x53\x05\xed\xb6\x64\x08\x92"
	"\xa5\x37\x4f\x53\x69\xba\x1e\x98\x8f\x0b\xc5\x90\xc5\x33\x76\x7c"
	"\xfe\xfa\x7e\x7a\x3b\x7d\x79\x3d\x7e\xfc\x32\x8b\xdf\x9f\xff\x2b"
	"\x4c\x27\xbe\x1c\xcf\xe3\xab\x18\x28\xf5\xed\xaa\x6a\x52\x15\x9d"
	"\xae\x67\x07\x91\xad\x1d\xc7\xd1\xcb\x60\x88\x0a\x7a\xa0\xe8\x01"
	"\x58\x93\xf9\x02\xbf\x0e\xdd\xa5\xe2\x9b\x09\xf4\x16\xa3\xed\xe8"
	"\xee\xa0\x8f\x80\x01\x7e\x94\x29\xe9\x71\x40\x34\x0f\xe0\x24\x9d"
	"\xe7\x0e\xe1\x3b\x5a\xc5\x4b\xd2\x37\xd5\x29\xed\xdc\x29\x5b\x70"
	"\xae\x1c\x36\xb4\x4f\x81\x54\x49\x32\xb7\x97\xb1\x36\xe0\x78\x0b"
	"\x6c\xa9\x8d\xb6\xf9\xbd\x88\x96\x73\x10\x6e\xab\xe2\x16\x2a\x1e"
	"\xc4\x85\xd1\xbd\x42\x59\x58\xd4\x87\x98\x22\x76\x82\x9a\x37\x22"
	"\x12\x97\x32\xd2\xed\xe4\x57\x04\xbf\xb7\x70\xa8\x9b\xfc\x4a\xb3"
	"\x1d\x00\x52\x64\x84\x79\xad\x7d\x6b\xe2\x47\xff\x8b\xa2\x4f\xaf"
	"\x17\x59\xe9\xd9\xb6\x46\x4f\x70\xfb\xc8\x89\xd5\x30\xed\xf3\xfd"
	"\x62\xdf\xeb\x80\xdd\x50\x13\x4c\x6c\x8d\x00\xa3\xc1\x15\x14\xd7"
	"\x26\x4c\xd7\x91\xc1\x40\x0f\x5b\x67\x3f\xe5\x65\xac\x4d\x47\x8c"
	"\x6a\xe2\xf3\x3d\x6c\x9c\xb1\xf9\x0d\xdf\x1b\x5f\x24\x7d\xbd\xf6"
	"\x30\xa6\xa7\xfc\x63\x69\x5d\xc3\x0f\xab\xf1\xa2\xb1\x98\x5e\x86"
	"\x30\xc4\x57\x72\x0e\x3e\x65\x05\x6a\x04\xe3\xf6\x19\x7e\x3b\x71"
	"\x45\x64\xf9\x81\x3c\xe4\x7b\x66\x48\xb9\xb9\xbf\x97\x2c\x8f\x0d"
	"\xef\x98\x36\x37\xfd\x41\xd6\xe1\xe9\xf2\xfc\xf5\xe5\xf4\x65\x4c"
	"\x3a\xd1\x2d\x8a\x79\xc4\xae\xc9\xe0\xbb\x74\x23\xa2\x31\xc0\x30"
	"\x62\x1e\xe3\xb8\x04\x96\x43\x23\x48\x58\xd2\x14\x6b\x67\x31\x01"
	"\xb6\xa1\xc4\x8c\x6a\xae\x3c\xcc\xa0\xe0\x60\x96\x73\x65\x7f\x39"
	"\xaf\x2c\xdf\x96\x82\x03\x94\xe7\x82\xe9\xbe\xee\x18\xe3\xd7\xcf"
	"\x4f\x1f\xc7\x97\xae\x31\xfc\xa7\xf3\x8b\xd2\x06\x1c\x53\xf8\xba"
	"\x1c\xd4\x46\x2c\xce\xc7\xcb\xeb\xdf\xc7\xd3\xf7\xcb\x6c\x7b\xe2"
	"\xed\xf8\x7e\x3a\x0f\xe2\x24\xf4\x3a\xa4\xe6\x69\xe7\x24\xa8\xac"
	"\xf6\x03\x71\x7d\xef\x22\x8a\xe2\x08\xe8\x0d\xf2\x09\xea\xbb\x18"
	"\x62\x48\xf4\x8c\x8f\x44\x10\x14\x4a\x9b\xf9\x54\x9e\x4a\x9d\xde"
	"\x5f\x9f\x3f\x66\xf4\xf5\xed\xf5\xf9\xf4\x3e\xdb\x3c\x3d\xff\xf5"
	"\xed\xed\xe9\xfd\xa8\xf4\x4a\xf5\x6a\xf1\xca\x62\x99\x92\x7e\x72"
	"\x3d\x7a\x4b\x4d\x10\x0c\x61\x05\xf1\xe7\xf7\xf7\x67\x38\xf6\x6f"
	"\x59\x71\x46\xe6\x82\x69\x14\x8c\x18\xf6\xe0\x19\xf1\xd9\x9a\x6f"
	"\x4f\x90\x28\xc8\x00\xa0\xf3\x15\xa2\xd0\xb4\x62\xe4\xf6\x4a\x30"
	"\x23\x88\x13\x4b\xcf\xc1\xdf\x27\xcc\x5b\xaf\x1c\x7c\x1a\x11\x20"
	"\x61\xf9\x1e\x25\x21\x5c\x53\x59\x50\xbb\xc4\x47\x5c\xe8\x01\xc3"
	"\x6b\xf0\xff\x19\xbb\xb6\xe6\xb6\x71\x64\xfd\x57\x5c\xf3\x34\x53"
	"\xb5\x5b\xcb\x8b\x48\x51\x7b\x6a\x1f\x20\x90\x92\x38\x26\x48\x86"
	"\x20\x75\xc9\x8b\xca\xe3\x28\x33\xae\xe3\xd8\x29\xdb\x39\x3b\xf9"
	"\xf7\x07\x0d\x92\x12\x41\xa2\x01\x3e\xa4\x62\xa1\x3f\xe2\xda\x00"
	"\x1a\x40\x5f\x82\x95\x83\x5c\x10\x48\x40\xbc\x0a\x96\x2e\x3b\xec"
	"\xf1\x62\x8e\xa5\xe7\xe0\x76\x2b\xb2\xa3\x2b\x78\x57\xa6\x78\xaf"
	"\xc4\x64\xe5\xf8\x78\x25\x80\x1c\x78\xa8\xbd\xc4\x00\x62\xaa\x85"
	"\x84\x04\x46\x72\xe8\x99\xc9\xbe\x89\x8c\xd9\x18\x48\x72\x96\xe3"
	"\x59\x33\xea\xfa\x60\xfb\x6a\x6a\x5f\x8f\x31\x35\x70\x97\x86\x0b"
	"\xb1\x1c\xa1\x4e\x2f\x76\xe0\xd5\x97\xf0\x94\xfa\x28\x59\x64\x3f"
	"\xd2\x66\x51\x4a\xb8\x4f\x98\x89\x1c\x45\xa5\x10\xd2\x1d\x0b\x3d"
	"\x30\xd3\x43\x07\x67\x04\x79\x07\x13\x20\x36\xb1\x1d\x60\xb9\x0c"
	"\x0d\xf3\xab\x05\x44\xa1\x05\xb0\xf2\xcd\x80\x68\x61\x04\x44\x2b"
	"\x67\x69\xa6\x7b\x81\x99\xbe\xb2\x7c\xbf\x8a\x74\xab\x35\x50\xeb"
	"\xd0\x0f\xa2\xe1\x0a\x0d\xbf\x27\x36\x36\x3d\xd4\x54\x4e\x92\x6f"
	"\x3c\x77\xcd\xf4\xcc\x94\x7c\x96\xaa\x58\x25\x3e\xe9\x8d\xd4\x7d"
	"\x5a\x26\x95\x54\x83\x43\x21\x55\x52\x37\x28\xb1\xa4\x9b\x40\xcc"
	"\x47\x7c\x14\x0c\x17\x51\x2d\x99\x1f\xc7\x9a\x2c\x2a\x80\x06\x75"
	"\x10\x19\x32\xb8\x8f\x90\xb7\x58\x49\xcd\x83\x3a\x74\x71\x3a\x4f"
	"\xa8\x79\x89\xe7\xe9\x62\x19\x1e\x2d\x18\x16\x38\xf8\x4e\xc4\xef"
	"\x4f\x91\x98\x2c\x9e\xe1\x73\xc4\x64\x93\xac\x8f\x81\x63\xd9\x82"
	"\x78\xcd\xca\x04\x61\xc1\xf6\x4d\x60\xcc\x6d\x59\xe9\xaf\x0c\xb3"
	"\x06\xee\x7c\x23\xbc\xc3\xea\xf4\x9c\x31\x03\x3b\x90\x8c\x21\x6e"
	"\x0e\xc1\x34\xce\x75\x90\x3b\xd9\xd6\x6e\x0e\x33\x1d\x37\x19\xd5"
	"\xc9\x4a\x49\x80\x61\x31\x69\x01\x2b\xc7\x0c\xf0\xdc\xa5\xb1\xdd"
	"\xa2\x67\x0c\x9b\x63\x87\x08\xc2\xc0\x56\x4a\x64\x06\x44\xa1\xa5"
	"\xa5\x2b\xd7\xb1\x01\xcc\x3b\xf0\x15\x64\xda\xe9\x04\x48\xec\x21"
	"\x3e\x62\x1a\x7d\xc8\x16\x8e\x6f\xe0\x4d\x01\x08\x9d\x85\x85\x79"
	"\x0f\x99\xeb\x2d\x7d\x33\x26\x63\x7e\x60\x58\x3f\x6a\x2a\x56\xd5"
	"\x95\xa1\xc3\x30\xdd\x00\x29\x32\x55\xe9\xe7\x22\x27\xc6\xbe\xea"
	"\x31\xa6\xae\x3a\xb0\x68\x61\xd8\x6e\x05\xd9\x77\xcd\x22\x43\x07"
	"\xb1\x14\xe2\x07\x8e\x2d\x97\xd5\x6a\xa1\x53\x96\xee\x8d\xf4\x14"
	"\xf5\xeb\xab\xe5\x1e\xfe\xe4\x77\xc3\x6c\xd2\x23\xd8\xaa\x14\x59"
	"\x4d\x10\x1d\xe5\x1b\x16\x74\xd2\x9b\x56\x55\x9f\x37\x0c\x79\xfc"
	"\xb9\xc1\xe1\x4a\x45\xde\xa8\xcc\xfd\x00\x0e\x07\x11\x32\xcf\x06"
	"\xa8\x38\xf0\x57\x91\x0d\x94\x8b\xff\x4a\x0b\x48\x08\x95\x1e\x32"
	"\xe7\x46\x20\xd7\xd6\x8b\x24\x0f\xfc\x20\xb0\x55\x1d\x7d\x55\xbb"
	"\x41\x52\x9e\xad\x7c\x27\xb0\xa3\x42\x6f\xe9\x12\x0b\x0c\xf6\x84"
	"\xa5\x3b\x07\xe4\x59\x41\xd1\x12\x51\xd4\x50\x41\xd6\x3e\xc8\xda"
	"\xa9\x3d\x03\x15\x2e\x43\x0b\x0a\xe4\xd5\x20\x9a\x81\x8a\xc2\xc5"
	"\x6a\x0e\x2a\x74\x66\xa0\x30\x85\x82\x11\x6a\xe9\xdb\x50\x42\x3e"
	"\xb4\x72\x96\x04\x2d\x67\x80\x82\xc8\xb4\x40\xb4\x90\x95\x7e\x9d"
	"\x68\x69\xe5\x8c\x42\x22\x5b\xff\x94\x9b\xe6\x73\x82\x59\x63\x0d"
	"\x60\xfb\x28\x72\xc2\x59\xa8\x68\x16\x6a\x65\x43\x09\x79\xd5\xf5"
	"\x6d\x23\x22\xf6\xc6\xc0\x0d\x7d\xcf\x0e\x0b\x3d\xdf\x5a\xfd\x56"
	"\x3a\xf1\xfc\x59\xb0\xe5\x71\x0e\xcc\x9d\x55\xb7\xc0\x5b\xd8\x72"
	"\xdb\x8f\xf5\x25\x27\x88\x43\xe6\x89\xf9\xa0\x46\x84\xa2\x58\xc4"
	"\x05\xf9\x06\x3c\x30\x3e\xbe\xdd\x14\x7d\xbb\x7c\x79\x7a\xb8\x7b"
	"\x7c\x7d\xd3\xb8\x4e\x6e\xbf\xa2\x84\x81\xc5\x9a\x2e\x7a\x9b\xa4"
	"\xb7\xae\x20\xcf\xf5\xde\xfe\x0a\x2d\x6d\xc7\x6a\xb1\x43\xcd\x02"
	"\x57\x04\x9c\xf2\xdb\x71\x3c\xae\x66\xa0\x68\x42\xe7\xa0\x4c\xa1"
	"\x12\x64\x10\xc0\x73\xab\x9c\xac\x24\xed\x17\x99\xa7\x06\x44\x80"
	"\x54\x12\xef\x0d\x5b\x7c\x8b\x69\xb7\x77\x96\xe6\xd2\x99\x78\x3e"
	"\x8a\xe2\xda\x43\x45\xf6\xe0\x9b\xda\x83\x58\x97\xd3\xe2\xd7\xcd"
	"\xc6\x1b\x59\x3f\xde\xd2\xc5\x27\x45\xc9\x75\x94\x98\xb5\xcd\x4d"
	"\x95\x8b\xfc\xba\x2e\x69\x7a\x4e\x92\xb2\x2a\x98\x46\x43\x14\x98"
	"\x45\xf3\x0e\xd1\x76\x9e\x0c\xe5\x8d\x3e\xba\x8b\x56\x5c\x55\x35"
	"\x75\xa1\x01\x78\x41\x3b\x5e\x43\x3e\xbe\xf6\xc0\xf5\x5b\xa5\x2b"
	"\xaf\x7a\x0e\x7b\xda\x98\x68\xe7\x43\x01\xf1\x9f\x87\xbd\xb5\xf6"
	"\x6e\x08\xa5\x5b\xb0\x4c\x20\x10\xe4\x74\xc0\x6f\x43\x24\xbd\x80"
	"\x66\xd8\x63\x55\x8b\xe6\xbb\xf3\x3e\xd1\x1f\xe9\xa0\xb5\x52\x5f"
	"\xab\x6b\xea\x54\x8b\xbe\x9d\xaa\x97\x2f\x77\x8c\xd1\x7f\x71\x31"
	"\x4f\x7a\x5b\x1a\x65\x58\xe8\xa9\x55\x27\xd8\xa4\x15\x1b\x1b\x39"
	"\x0c\x06\xf4\xe1\xe5\xf1\xe9\xf9\xf9\xe1\xed\xe7\xcd\xdc\xea\xe3"
	"\xc7\x8b\xf8\xff\x1f\x02\xf9\xf2\xfe\x0a\x7f\x3c\x79\x8f\xe2\xd7"
	"\xf7\xa7\x7f\xdc\x7d\x7d\x7b\x7d\xf9\xb8\xbc\x7c\x79\xff\x6d\xbc"
	"\x52\xf0\x66\x0d\xc1\xd8\xc1\xdc\xab\x73\x63\xd0\xad\x34\xe4\xc7"
	"\x97\xa7\xd7\xbb\x2f\x97\xc7\xd7\x2f\x32\xd7\xef\x7d\x34\xcf\x77"
	"\xa9\xc8\xfe\xed\xe9\xef\x81\xfa\x66\x15\xf3\x2b\xb4\x4f\xdb\x3f"
	"\x7d\xb9\xbc\x22\xa9\x90\xc3\x83\x52\x80\x4a\xbf\xbc\xa8\xa9\xf4"
	"\xe1\xdb\xe5\xed\xa1\x6b\xd9\xc0\x0a\xb3\xf5\x96\xf0\xfc\xf0\xfe"
	"\xd7\x38\xb1\xcd\xe7\xe9\x9b\xa8\xf6\xff\xc9\x90\xa6\x77\x60\x71"
	"\x76\x25\xcb\xd6\xfd\xab\x05\x3d\xbe\x0a\x94\x68\x1a\xdc\xbd\x2b"
	"\x20\xb1\x48\xdd\xc9\x4e\x55\x93\x21\x44\xf3\xe5\x19\xde\x01\x20"
	"\xd4\xe9\x5f\x97\xe7\xef\x63\x04\x6f\x47\xe0\xee\x07\x3c\xa6\x88"
	"\x5c\xdf\x5f\x1f\xcf\x8f\x6d\x13\xda\xd1\xea\x81\xf5\xeb\xeb\xf3"
	"\x3b\xe8\xfe\x8b\xda\x5f\x9e\x5f\xbf\xdf\xbd\x5c\xfe\x7b\x1b\xac"
	"\x1e\xb5\x7d\x7b\xf8\xfe\x17\x3c\x44\x68\x2c\x10\x62\x8d\xa5\x39"
	"\xa1\xe5\xdd\xaf\xed\xf8\xd1\xd7\x6b\x14\xd6\xdf\xc0\xc2\xe7\xeb"
	"\xd3\x9f\x3f\xde\xfa\x00\xab\xc3\x4c\xc4\x66\xbe\x10\xe7\xaa\xc9"
	"\x01\x6f\x18\xb4\x4a\xac\xd9\xd2\x88\xf8\xbc\x25\x69\x7e\xae\xb6"
	"\xeb\xff\x38\x6a\x1e\x43\x35\x22\x08\xd5\x9a\x91\x13\x72\x40\x01"
	"\x74\x96\xae\x3b\xd3\xd4\xa9\x03\x8c\x37\xd1\x5b\x77\x7f\xfc\xf8"
	"\xfa\x15\xac\x91\xc6\x9e\x24\xd4\x70\x40\xfd\x44\x39\x0b\x7e\xd6"
	"\x19\x35\x6e\xd6\x67\xca\xc0\x73\xfb\x60\xf5\x10\x69\x79\x51\xa7"
	"\x1b\x45\xb5\x53\x24\xc6\xc8\xbb\x83\x20\xc9\x77\xcd\x7d\xc2\x89"
	"\x61\xb9\x84\xa2\xc4\xbf\x4d\x9a\x65\x55\x3b\x95\x54\x02\x2d\xca"
	"\x93\xa8\x29\x99\x10\x52\xf0\xe4\xbb\xce\xd2\x7a\x54\x1f\xa0\x55"
	"\xc9\x1e\x1c\x72\x25\x19\x04\x96\x3e\xaf\x4f\x88\x93\x1a\x81\x84"
	"\xe0\x98\x7d\xd9\x26\x4c\x5f\x0d\x13\xe6\x5a\x23\x0c\x24\x43\x8e"
	"\xc5\xc9\x19\x62\x46\x89\x9f\x4d\xce\x48\x59\x26\x70\x09\x80\x67"
	"\x2c\xb6\x91\x24\xdd\xe6\xe7\x24\x17\x4b\x4f\x6e\x6c\x46\x51\x72"
	"\x94\xbe\xdf\x12\x2c\xb6\x8f\x20\x33\x42\x41\xa7\x17\xfd\x1c\xf4"
	"\x27\x26\xa6\x87\x83\xcf\xc1\x51\x77\x6b\x04\xcb\x95\x71\xaa\xd3"
	"\x4c\x76\x48\x17\x38\x7d\xca\xa7\x7f\xf5\x26\xb2\x9a\xcd\x56\x7c"
	"\x4f\x2a\x46\x33\x1a\x63\xd5\x32\xfb\x9f\x87\x66\xbb\xb1\x7c\x4f"
	"\x41\xe9\x8c\xd3\x66\x83\x92\x9b\x38\xc3\x48\xe9\x9a\x9d\xb7\xc7"
	"\x7a\x11\x20\x67\x0c\x01\xe9\xae\x29\xd0\x3e\x4f\x84\x04\x96\x17"
	"\x0c\x65\x4d\x19\x92\x86\xef\x92\x04\xe5\x27\x70\xcb\x79\xef\xae"
	"\x1c\xbc\x7d\x29\x2b\x33\x9c\xf7\xb9\xe8\x1d\x07\x53\x09\xed\x46"
	"\xfc\x2c\xfa\xdf\x28\x50\x0a\xce\x82\x20\xdf\x3a\x71\x5c\xc8\xcb"
	"\x03\xd3\x77\xf8\x75\x6e\x63\x52\x33\xd1\x70\x2d\x41\x64\x36\xd4"
	"\xb6\x1a\x50\x68\xd6\xd4\x9e\xb7\x18\x3c\x3e\x17\x4d\x1e\xab\x82"
	"\x95\x48\x80\x58\xa9\xd8\xe9\x80\xe7\xc3\x38\x99\x79\xdc\x7a\x41"
	"\x50\x93\x4a\xe9\xfb\x79\x90\xb0\x3b\xc4\x49\xa9\x26\xf1\xe4\x53"
	"\x17\x63\x4b\x4d\xaf\xc8\x81\xa5\x71\xaa\x26\x82\xc6\x91\x14\x4e"
	"\x8a\xcd\xa6\xf3\x7d\x33\xa0\xfe\x4e\xe8\xfd\x34\xa5\xf7\xc8\x34"
	"\x32\x0f\x6c\x5b\x07\xfa\x36\xfa\xc6\x41\xe5\x75\x6d\xda\x55\x9a"
	"\xc4\xce\x08\xb0\x95\xc9\xb9\x4a\x93\xce\x76\x89\x10\x50\xfe\xe3"
	"\x7b\x4a\xc3\x3b\xa7\x49\x45\x26\xd6\xac\x72\xd4\xd0\x5b\x80\xdc"
	"\x41\xe2\x1e\x5e\x7f\x20\x10\x80\x20\x6e\xf8\xb8\x35\x37\x2a\xea"
	"\x25\x43\x56\x15\x33\xcd\x6d\xc7\xa2\x01\x3d\x90\x4a\x33\x44\x5d"
	"\xbc\xbc\x51\x72\xd7\x1b\xbd\x26\xd9\x14\x00\x63\x78\xee\xc3\x25"
	"\x6a\x68\x93\x31\x29\x33\x5f\x6e\xcc\x02\x80\xb6\x41\x80\x16\x3a"
	"\xd0\xb0\x99\x9a\xb3\x02\x24\x43\x33\xd0\x7c\x09\x18\x8c\xa2\x54"
	"\xb1\x04\x41\x8d\x51\x3a\xab\x4b\xb2\x47\xa9\xbd\x4b\x1a\x37\x0c"
	"\x90\x37\x6f\x99\x47\xd9\x2c\xd4\xf7\xa9\xd6\x4d\x56\xfc\x4f\x29"
	"\x4e\x0d\x8c\x5e\x81\x15\xc1\xc6\x03\x22\x46\x65\x05\x6d\xc3\x77"
	"\x87\x8b\x51\xa1\x7a\x33\x63\x41\x11\xc7\x2e\x75\x40\xe0\x1c\x46"
	"\x9a\x58\x55\xc4\xec\x09\x0d\x71\x91\x57\xb3\x1e\x41\x49\x4a\x3e"
	"\x19\x11\xe1\x06\xf3\xe1\xdb\x23\x76\x29\x1a\x1c\x1b\x20\x6b\x1a"
	"\x7b\x98\x27\x37\x19\x5d\x97\xd0\xde\x3a\x86\xec\xb1\x38\xa4\x7d"
	"\x59\x65\x11\xdb\xe8\x3b\x33\xa2\x2e\xf2\x04\xd7\x9f\xee\x40\x7b"
	"\x22\x46\xfd\x88\x4d\xb7\x82\x8e\x26\x45\x41\xaf\x4b\xdc\x94\x12"
	"\xf3\xf2\x5e\x2c\xe2\xd9\x79\x57\x8e\xc7\x08\xc8\x84\x81\x26\x0e"
	"\xce\xbe\xad\x6a\x8b\x40\x1a\x96\x86\xab\xef\x8a\xd4\xd3\x9c\x1f"
	"\x5f\x69\x77\x28\xfb\x2a\xce\x40\x9b\xb7\xcb\xe5\xfd\xf1\xe1\xf9"
	"\x72\x47\xcb\xe6\x76\x4e\x7a\xfd\xf6\x4d\x9c\x37\x6e\xd0\x2e\x82"
	"\x97\xe6\x93\x7f\x2b\x4a\x4c\x5d\x23\xc0\x36\x9e\xf0\x0a\xaf\x63"
	"\x0f\xe2\x24\xb5\x63\xf8\x0c\x4c\x19\x23\xce\x1d\x86\xa8\xc4\x56"
	"\x5c\xca\x8e\x30\x7b\x30\x7f\x2e\x00\x13\x5d\x0a\xda\x26\x9e\xeb"
	"\x8c\x7b\x57\x93\xdb\x16\x67\x19\x4d\x74\xb9\x2b\x05\xcc\x18\x2a"
	"\xc2\x10\x8a\xb4\xd0\x28\x77\x45\x9e\xe8\xf8\x07\xec\x86\xc3\xc8"
	"\x58\xaf\x16\xa2\xb9\x99\xd6\x22\x23\x77\x06\x44\x66\x16\x86\xa6"
	"\xe6\x8e\xec\x99\xd5\x74\xcd\x1d\xf8\x00\x10\x21\xb7\xc3\x2a\xa4"
	"\xcb\xc3\x8a\x0c\xfc\x19\x90\xb9\x99\x2d\xfd\x19\x90\xd9\x99\x2d"
	"\x67\x40\xe6\x66\x86\x84\x16\x53\x21\xf3\x32\x83\xb0\x10\x10\x27"
	"\x0e\x39\xd0\xdf\xd6\x3c\xb8\x1a\xfb\xe5\x97\x91\x41\x4e\x99\x90"
	"\x7b\xed\x9d\xea\x90\xab\xd7\x35\xdd\xf3\x58\x3f\xfe\x22\x0f\x5a"
	"\xb6\x7c\x5f\x12\xdc\xf0\xa7\xc3\xe7\xc9\x01\xbc\x9e\xed\x90\xca"
	"\xee\x8b\x83\x10\xe4\xc1\xc8\x21\xcd\xa7\x2e\x39\x87\x85\xca\x6d"
	"\x14\x96\x6b\x55\xe7\x53\xc8\x47\x15\xe9\x84\xbb\x23\x18\x8b\x9c"
	"\xae\x6a\x9e\x35\x7b\x7a\x7c\x7b\xbd\x3c\x5f\x1e\x3f\xde\x3a\x95"
	"\xcf\x9a\xf9\xde\x1d\xac\xd6\xed\x35\x95\xce\x4f\x5f\x57\xe4\xb1"
	"\xde\x94\x5b\x82\x2e\x2a\x9f\x8f\xe7\x3a\x66\x86\x5e\x94\xae\xad"
	"\x5a\x61\xa1\xaf\x90\x1c\x10\xdd\x31\xf2\xba\xd9\xd0\xd5\xb2\x1d"
	"\x36\x23\x07\x90\x98\x34\xee\xd2\x71\x67\x80\x42\x3c\xcc\xc2\x04"
	"\x88\x3d\xbd\x0f\x81\x4b\x07\x73\x55\xd2\x83\xee\x17\x2e\x62\x77"
	"\x39\x80\x04\x81\x15\x12\xba\xbe\x15\xb2\xb0\xd5\x25\xf0\x91\x27"
	"\xcf\x2b\x24\xa3\x41\xe8\x99\x4b\x5a\xd7\x82\xe1\x0b\x23\x84\x72"
	"\x3f\xc8\x7c\x6f\x06\xc6\x9f\x81\x59\xcc\xc0\x04\x76\xcc\xc2\x9d"
	"\x83\xb1\x0e\x3b\xe5\x0b\x2f\x5b\x78\x76\x4c\x60\xe7\xb5\x16\x37"
	"\x27\xaf\xd0\x8e\x59\xfa\x56\x4c\x18\x58\x21\x4b\xc7\x0e\x99\xd7"
	"\xb0\xe5\xbc\xbe\x3c\x1e\xa3\x39\xd9\xf9\xae\x6f\xad\x99\xbf\x58"
	"\x59\x20\x81\x9f\x59\xb2\x11\x8b\xaa\xe7\x7a\xe6\x7e\x4a\xf8\xd2"
	"\xb5\x70\x65\xc2\x23\xdf\x0d\xad\x10\xcf\xde\xf6\x0e\x66\xeb\xca"
	"\x0d\x77\xc3\xe3\xd1\x08\xd9\xd6\x2c\xb4\xac\x92\x69\x9e\x17\xe0"
	"\x61\xcd\xf1\xcd\x75\x67\xe4\xb8\x8a\x02\xcb\xc2\x26\x41\x2b\x6f"
	"\x69\x07\x85\xe6\x31\x61\x9c\x45\x2b\x37\x3c\x1f\x68\xdc\xbf\xd3"
	"\x1a\xf1\x25\x65\x6e\x68\x11\x0c\x01\xb3\x5c\x1d\xad\xdd\xdf\xe3"
	"\x6c\xfd\x2f\x70\x62\xc0\x23\x32\x27\xc3\x16\x38\x23\xc7\xc0\xf5"
	"\xfe\x9e\x93\xa1\xc4\xd9\xf2\xab\xea\x20\xb4\xb0\x24\x40\x7c\xd7"
	"\x0a\x11\x52\x9e\xad\x30\xbe\xad\x33\x34\x3c\xca\x15\x94\x56\x9b"
	"\x4e\x8e\xb1\xef\xf2\xf6\x33\x14\xe7\xcc\x0b\x1d\xcf\x5e\xb7\x0e"
	"\x67\xeb\x58\x81\x5b\x04\xa1\x99\x7d\x79\x4d\x30\x37\x34\x43\x48"
	"\x60\xe9\x88\x3a\x15\x67\x4d\xf3\x71\xad\x26\xdc\x0b\x2c\x7b\x45"
	"\x0d\x81\x04\x2d\x5b\x3c\x60\x96\xee\xd1\x8e\xf1\x1c\x3b\x26\xf2"
	"\x98\x19\xb4\x21\x2b\x2c\x04\xd6\x15\x93\xed\x7d\xcf\x21\x29\xf5"
	"\x7c\xeb\x90\x0c\xb1\xb6\x61\xbe\x62\x7d\xd7\xb2\x30\xde\x90\x16"
	"\x1c\xf7\x89\xe7\x2d\x13\x23\xe8\xc0\xa2\xc0\x75\xac\x10\x8b\x90"
	"\x25\x21\x0b\x2b\x24\xb2\x16\x84\x99\x44\x0d\x21\x5e\x64\x85\xf8"
	"\xf6\x5c\xfc\xa5\x15\xb2\xb0\xe7\x12\xd8\x5b\x14\x58\xbb\x6e\xb9"
	"\xb4\xe7\xb2\x0c\x6d\x90\xc8\x59\x58\x19\xb2\x83\xd9\x78\x11\xf4"
	"\x70\x1d\x6b\xb5\x57\xa1\x63\x87\x78\x56\xc8\x72\x61\x87\x58\x47"
	"\x7c\x65\x39\xa0\x7f\x96\x57\x51\xab\xb0\xf4\x3c\xdb\x41\x3e\xb4"
	"\x34\xab\x5d\x24\x2c\x27\xa0\x83\x60\x30\x7f\x65\xbe\xc1\x41\xae"
	"\x68\x72\xd2\x44\xc1\xc2\x5c\x07\xc0\x44\xee\x0c\x8c\x65\x52\xd6"
	"\x25\x11\x27\x35\x87\x78\xb6\x4d\x34\x70\xf0\x55\xb1\x4a\xe9\x0e"
	"\xb4\x79\x78\xc9\xac\xd9\xb8\xe6\x92\xba\x6b\x09\xf0\x68\x6d\xee"
	"\x5f\x2e\x7a\x57\x9d\x35\x9a\x11\x38\x8e\x7c\x86\x02\x49\xbe\x57"
	"\xca\xb7\x27\xbc\x80\x16\xc3\x69\x63\xc6\xb5\xa2\xc0\xb6\x22\xe5"
	"\x6e\x3e\x50\x97\x6b\xfb\x9c\x91\xc6\x53\xc5\x41\x91\xa8\xf8\x80"
	"\x48\xe3\x9b\xf3\x99\xba\x4a\xf2\x6d\xad\xbb\x99\x11\xb0\x8a\x1c"
	"\x6e\x17\x2d\x4d\x9b\xcd\x20\x93\xce\xdc\xfd\x7a\xd7\xf2\xfd\xf2"
	"\x08\xd1\x0f\xa0\x0e\x13\x0b\x57\xc0\x93\x05\x84\x1c\x1d\x57\x85"
	"\x50\xda\xe0\x31\x93\x5a\x44\xd5\x1c\xf5\x35\x3c\x93\xb2\x54\xad"
	"\x70\xaf\x89\x48\x94\x33\x49\xe7\x88\x2f\x7c\x49\x6c\xe0\xe1\x07"
	"\x29\x6e\x9d\x64\xf7\x69\x3e\xe9\xcd\xa4\x2e\xca\x51\xac\xe1\x01"
	"\x99\xee\x92\xaa\x3a\xa9\x7d\x47\x77\xa9\xf8\x75\x1a\xe7\x44\x8b"
	"\x8a\x13\x43\xcd\xcb\xaa\x88\x53\x88\x8d\x84\x22\xa8\xbc\xc4\xc6"
	"\xc9\xa5\xe7\xaa\xd3\x67\x48\x3c\x8d\x1e\x48\x20\x51\x70\xc1\xb6"
	"\xc8\xab\x94\x2b\xdd\x7c\x4b\xc5\x62\x2c\xc3\xb7\x09\xe3\x46\x72"
	"\x96\x60\x26\xc3\x2d\xb9\x40\x2a\x9a\x7c\x16\x7d\x30\xee\xbb\x6d"
	"\xc2\xd6\x29\x32\x81\x24\x7d\x53\xe1\x65\xed\x8a\x6c\x14\x4c\x45"
	"\xfd\x16\xae\xb3\xf1\x61\x11\xb5\x99\xb0\xf0\x90\x7c\x9a\xb0\x68"
	"\x43\xb3\x62\x8b\x59\xc6\x0a\xfa\x81\x64\x23\x8b\x8c\x61\x6d\x4e"
	"\x95\x74\x65\x31\xce\x34\x05\x6f\x03\x68\x96\xfa\x70\x1d\x40\xa9"
	"\x0f\x69\xbe\x23\xb9\x3a\xee\xf7\x49\x0e\xfe\x5b\xeb\x69\x31\x19"
	"\xc5\x1d\xd7\x49\x7a\x12\x1b\x68\x79\xb1\xc7\x86\x15\xba\x44\xb7"
	"\x44\xf4\xe9\xe7\xf8\x77\x3c\xe3\x1e\x23\x7e\x94\x25\xe2\xe2\xa7"
	"\x83\x20\x2c\x09\xf4\xaa\x61\xeb\x2c\x29\x49\xec\x99\x50\xdb\xd5"
	"\xc2\x31\xd1\x0f\xbb\x04\x94\xba\xd0\x15\x81\x11\x31\xf6\xac\x68"
	"\xf8\x84\x2f\x18\x39\x6d\x32\xc2\x31\x4e\x62\x29\x58\xaf\x17\x9b"
	"\x5a\x1d\x2b\x56\x80\x86\x6b\x32\x5a\x63\x58\x93\xd5\x69\x1b\xe4"
	"\x4e\x49\xcf\x41\x1f\x36\x8f\x8b\x71\xd9\x39\x12\xe4\xb5\xa5\x55"
	"\xe9\x16\xa5\x16\x95\x3e\x12\x91\x5c\xb2\x48\x0e\xbe\x50\xb2\xa2"
	"\x52\x76\xa1\x41\xb2\x69\x89\xd0\xc5\xd5\x54\xc8\x35\xc9\x4e\xf9"
	"\x71\xdc\x94\x12\x62\xa2\xd0\x18\xfb\x2a\x23\xa0\x57\x9e\xa7\x94"
	"\x4f\x3e\xac\x20\x86\x33\x5a\x9d\x0a\xb4\xa1\x0c\x73\xac\x2a\x28"
	"\x25\x35\x4a\x16\x6b\x3b\xde\x51\x9c\x30\xde\xe4\x5b\x75\xac\x78"
	"\xbb\x49\x5c\x75\x87\xf2\x93\xe8\xad\x71\xa5\x65\x04\x25\x34\x82"
	"\x9d\x44\xd4\x09\x61\x26\xaa\x60\x57\xb1\x97\x6b\xf5\xdd\x25\xa2"
	"\xc9\xc1\x73\xda\xb8\xe0\x8a\xa5\xd8\x12\x05\x51\x16\x09\x4f\x89"
	"\x12\x1f\xad\x4f\xc4\x67\x86\x94\xdd\x7e\x2f\x4e\xe3\xd2\x86\xe9"
	"\x26\x7e\xa9\x53\x74\x75\x11\xeb\x29\x4f\x92\x89\x28\x54\xef\xc4"
	"\x2a\xc7\xb0\x6f\x76\xe0\x7e\xe7\xea\x58\x7f\xe0\x55\xe8\x96\x6e"
	"\xaa\x4e\x03\x32\xd4\xb9\xe4\xbe\x61\xa1\x37\x6d\x81\x87\x34\x45"
	"\xe3\x1f\x02\xfd\x98\x8a\xe9\x81\xd4\xfd\x73\x52\x15\xe3\x6e\xec"
	"\xd3\x4c\x75\xfe\x7c\x8a\x85\xc4\x85\x38\x4a\x92\x63\x24\x76\x06"
	"\x88\x74\x88\x44\x4e\x90\x42\x54\xa6\xf1\xb7\x0e\x06\xee\x5a\x01"
	"\xb5\x55\x51\x89\xa7\x93\x58\xbf\x8f\x74\xf0\x51\x14\x9a\x5b\x3c"
	"\x13\xa5\x08\x25\xd8\xc2\x4e\xab\x46\x0c\xf9\x15\x3b\x9a\x9e\x41"
	"\x05\x54\xc8\xec\xad\x0e\xeb\x40\xf2\xbd\x19\x52\xa8\x89\xe3\x78"
	"\xf7\x52\xd3\xa7\x82\x3d\x88\xf0\xf3\x8e\xc6\x0a\x65\xd8\x3a\x09"
	"\xcc\x73\xb1\xb0\xd1\x44\xbe\x8e\xb6\x7a\x7a\x1a\x27\xe0\x8a\x42"
	"\x3a\x74\x60\xa7\xf6\xa1\x76\x5e\xef\x6e\x0c\x34\x5b\x53\x5e\x8f"
	"\x8b\x52\x95\xe8\xd0\x3e\x2d\xea\xad\x89\x76\x3e\xec\xc4\xea\x95"
	"\xa5\x88\xc3\xff\x1e\xb5\xce\xa4\x4e\x26\xaf\x51\x06\x01\xa4\x90"
	"\x11\x38\x38\x84\xdb\x4a\x17\x7f\x7c\x8d\xea\xfb\x00\x98\x21\xcc"
	"\x08\xb4\x83\x1c\x88\x35\xd9\xe8\xd9\xed\xf5\xfd\xc3\x12\xfe\x42"
	"\x7e\x1f\x2e\x8f\x8e\x03\x43\x86\xb0\xc7\x11\xd8\xa3\x1d\x51\xe5"
	"\x43\x99\xae\xf3\x78\x3e\xc6\x8c\x02\xcb\x40\x7a\xd2\xe5\x89\xf7"
	"\xe6\x11\x42\xd9\xee\x4a\x23\x08\xbc\xdc\xba\xe1\xd1\x8a\xf1\x43"
	"\xcf\x88\xd9\x88\xb1\x03\x0d\x1a\x13\x06\x02\xc3\x81\x4f\x17\x63"
	"\xa5\x6d\xad\xe2\x59\xe4\x9a\xb3\xa8\x22\x12\x86\xc1\x6a\x69\x04"
	"\x09\x5a\x6b\x94\x83\x78\x79\x1e\xf6\xbc\x98\xbd\x62\x8b\x94\x6a"
	"\xb5\x57\xce\xe8\x9c\x91\xd1\xe7\x87\x77\x6d\x70\x18\x39\x45\x29"
	"\x43\xcb\x97\xca\xa0\x88\x10\x2c\xf9\x32\xc6\xbf\xad\x55\x2f\x26"
	"\x6d\x0c\x41\xb1\xcc\xff\xfb\x4e\x76\x50\x5d\x54\x60\x5d\xfe\xe5"
	"\xf2\x1d\x4c\x45\xc0\xca\x84\x53\x9e\xde\xfd\xf1\xe3\xe3\x6e\x9d"
	"\xdd\xcb\x60\x6e\x3c\xbe\xfb\xf6\xf0\xb3\xd7\x0d\x7b\x78\x7e\x7f"
	"\xbd\xfb\xe3\x72\xf7\x72\xb9\x7c\xb9\x7c\xf9\x1f\x19\x6e\x62\x98"
	"\xd3\xee\xf2\xfc\x5d\xea\x89\x7d\x03\xc3\xc2\xa7\x97\xaf\xaf\xea"
	"\xf2\xd1\xe1\xc6\x0c\xda\x25\x1b\xac\xe6\x86\x28\x38\x35\xeb\x85"
	"\x1b\x25\x2f\x52\x93\x0d\x59\x8f\x16\xd7\x8e\xb8\x11\xf2\x01\x2d"
	"\x98\x9e\x98\x72\x50\x52\xd4\xd3\xc4\xdf\xa4\xd6\x93\x78\x1c\x57"
	"\xce\x0a\xa7\x05\x81\x9e\xf6\x7b\xc3\x4a\xbe\x2b\x90\x5c\x49\x46"
	"\x9a\x98\xe8\x69\x45\x9e\x8c\x84\xee\x21\xf5\x9e\x54\x0c\xf9\xb0"
	"\xb7\x0f\x13\x5d\x44\xd7\xd8\x60\x24\xb9\x68\xee\x3a\xf4\x90\x3b"
	"\xe3\x56\xa7\x54\xbf\xf7\xa6\xdf\x1e\xfe\x7c\x7a\xf9\x53\x17\xea"
	"\x4e\xce\xee\x98\x62\xee\x92\x24\x19\x8e\x1e\xd8\x19\x59\x00\xd2"
	"\x12\x53\x68\x97\x5f\xd7\x8d\x3f\x6e\x12\xa4\x9d\xd1\x78\x95\x57"
	"\xc4\x96\xc4\xdb\xa4\x36\xe4\xdb\x3a\xdf\xad\x94\x30\xa7\x57\x1a"
	"\x2c\xce\x53\xd5\xbc\xdb\xa7\x46\xde\x66\x72\xa5\x89\x11\xad\x49"
	"\xb9\xb5\x1e\x10\xff\x55\x1d\xd1\x43\x89\x10\x13\x28\x8d\x11\x8b"
	"\x9a\x7e\xd5\x5e\x86\x8e\x76\x28\x65\x84\x51\x64\xd5\x6a\xf5\xa1"
	"\xb5\x9f\xa9\xe2\x04\xf2\x7d\xc2\xd2\x10\xaf\xb6\xa0\x7a\x21\x4a"
	"\x25\x71\x53\x23\x9a\x9a\x6d\xd5\xf6\x3c\xd9\x1a\x84\x82\x6d\x51"
	"\xa3\x57\x0b\x12\x61\xd8\x11\xfa\xe9\x43\x4f\x4b\x1a\xfa\x06\x98"
	"\x74\xcd\x89\x77\x7b\x2c\x0f\xe6\xf8\x46\x59\x83\xde\x7d\x46\x70"
	"\x91\x44\x5e\x3f\xc6\x62\xf8\x32\x72\xc2\x5b\x82\x89\x1a\x75\x45"
	"\x84\x54\xb8\x4f\xd7\xd5\xd8\x55\x89\xac\x5d\x71\x20\x55\x95\x16"
	"\x78\x17\xa1\x11\x99\x5a\x99\x03\x42\x29\xc8\x7d\x73\x93\x1e\xeb"
	"\xa6\x4a\x0c\xec\x07\x76\x35\x9b\x03\x0a\x38\x89\xaf\xf1\xa1\x4e"
	"\x3e\xcb\xce\x3a\xe2\x9c\x24\xc4\x43\xf8\xdf\x0b\xdc\x23\x2e\x27"
	"\xee\xb8\x90\x5b\xc5\x1f\x7e\xe0\xf8\x56\xd0\x22\x44\xb4\x33\x64"
	"\x87\x8b\xf3\x71\x6b\xb6\x68\xee\x22\xba\x23\x05\xbf\x4f\x4e\xda"
	"\x09\x54\xfe\xf5\xf3\xfd\xe9\xf1\xe1\xf9\x2e\x7b\xf8\xa9\x44\xca"
	"\x1b\x4a\x06\xbb\xd3\x78\xd4\xa4\xf4\x4c\xee\x93\x71\x28\xa9\x3e"
	"\x5a\x75\x51\xb6\xf2\x0a\x4d\xd2\xfd\xf8\x5b\xe9\xf9\x74\x8f\x45"
	"\x6f\xbd\x8a\x77\x88\x92\x8b\xdc\x0f\x32\xad\xb1\xc2\x75\xd5\x6c"
	"\x33\xc9\xeb\x8d\xba\x7c\xb6\xeb\xee\xa4\x3a\x32\xd5\xb2\x6e\x0e"
	"\x41\x60\xb7\xa8\xbd\x57\x18\x00\xa1\x79\x67\xf9\xdc\x10\x38\x8e"
	"\x86\xde\x6f\x7e\x79\xc3\xce\xeb\x66\xb3\x01\xfb\x93\x41\xdc\xe9"
	"\x66\x10\x15\x77\x1c\x89\xf6\x36\x74\x97\xb7\xa7\xef\x7f\x5d\xde"
	"\xc4\xe0\xdd\x0e\x04\xe3\xb5\xaf\x97\x82\x9b\x18\x5f\xf2\xb7\x95"
	"\x91\xdc\x4b\xaf\xb8\xe4\x78\x24\xde\x12\x9f\x38\x6c\x6f\xcc\x1e"
	"\xc8\xbe\x41\xba\xce\x4b\xf8\x5c\x6e\x7b\x78\x1e\x50\x41\x7c\x62"
	"\xae\xc5\xf7\xa6\x2a\x08\xf9\xc6\xf3\x96\x9e\x6d\xf4\x0d\x71\xe9"
	"\xe4\xe6\x08\x06\x43\x86\x23\x57\x96\xae\xc1\x62\xa3\xe0\xe2\xd0"
	"\xa9\x32\xe6\x06\x04\x73\x35\xa9\xe7\x80\x71\x6a\x02\x6b\xfd\xf8"
	"\x6b\x1d\x74\x73\xce\xc7\x79\x6e\xce\x55\x1e\xa7\x7c\x9c\xc8\x88"
	"\xd8\x63\x6e\x12\xb3\x42\xdb\x4c\xd1\x8a\xa5\x5d\x9b\xa6\x3c\xa4"
	"\x75\x0d\x92\x8f\x7b\xbc\xa2\xd3\x96\xd2\xf1\x9d\x03\xfc\x39\x2e"
	"\xa8\x4f\xd5\xb6\xed\x4a\x6c\xbb\x4d\x5d\xed\x7a\x5a\xb1\x4e\x8e"
	"\xc8\x48\x5c\x31\xb9\xe1\xfb\xc4\x70\x56\x1a\x82\xc0\x2d\x01\x47"
	"\xc5\xb9\x2b\xb2\xef\x7a\x24\x9f\x84\xd9\x32\x18\x0d\x93\x3e\x9f"
	"\xcd\x39\x03\xfb\x52\x5b\x5e\xd3\x81\x1d\x90\xd0\x11\xc2\x87\xf5"
	"\x8a\x68\x7a\xfb\x3d\xac\x7a\x0d\xa1\xae\xbd\x5b\x5b\x1c\x88\x4f"
	"\x84\x9e\x66\xc2\x3d\x7b\xa3\xa7\xbc\x3b\x20\x8e\xee\xeb\xc6\x05"
	"\xec\xe9\x9c\x7a\x68\x0e\xd1\xb7\xf5\xfa\xf5\xbf\xd2\x43\xc0\x33"
	"\x6c\xb1\x3f\xa5\x5f\x89\xfa\xe7\xf7\xcb\x3f\xe9\x74\xd7\xad\x4f"
	"\xa5\xea\x00\x44\x26\x9c\x1b\x8a\x98\x29\x75\x17\x50\x67\xf4\x4d"
	"\xa3\xdf\x35\xd1\xa0\xe9\xcd\x41\x6b\x79\xc1\x06\x03\x5d\x1e\x2a"
	"\x30\xc5\x4c\x74\x89\xad\x72\xc0\xc0\x88\x81\xd1\xf3\x1a\x84\x03"
	"\x4d\x52\x6f\xfa\xea\x0f\x36\x3c\x70\x31\x82\xc7\x99\x87\x4f\xc7"
	"\x22\xce\x80\x44\xab\x53\x59\x2b\x8f\x3f\xb7\x54\x13\x0f\x01\x6a"
	"\xb3\x69\x50\x5a\xc2\xd6\x49\x1c\x8b\x6e\x95\x0e\x50\x30\x54\x49"
	"\x84\x7c\x5b\xc0\x2d\x72\x2c\x64\x8e\x14\x8f\x6b\x22\xc1\x87\xea"
	"\x7c\x28\xa7\xb7\xa2\xd2\xcb\x4a\xeb\x68\x65\xc6\x0d\x1f\xe4\x84"
	"\x19\xe7\x02\x4d\xc6\x7b\xa9\x0a\xd5\xa6\x04\xc6\x6d\x7a\xeb\x7b"
	"\xa5\x50\x42\x77\x09\xfe\x85\x90\xf8\xca\xb1\x8b\xf3\xf6\xbb\x4f"
	"\x96\x40\x38\x12\xb5\x3b\x08\xe0\x78\x84\x48\xc5\xc4\x7f\x29\xda"
	"\xb3\x3c\xde\x99\xa8\x25\x4e\x8b\x0f\x28\x69\xdf\xac\xb1\x98\x84"
	"\x40\x6e\xf8\x8e\x1a\x88\xf1\x2e\x0d\x85\x84\x89\x7f\xcf\x10\x7b"
	"\xea\x7e\x58\x5a\x76\x34\x73\x94\xbc\xe0\x43\x01\x1d\x27\xe1\xf2"
	"\x2a\x4b\x18\xaf\x53\xbd\x5c\x9e\x1c\xe4\x45\xf5\xc0\xd2\x1f\xae"
	"\xad\x69\x46\xb8\xb2\x37\xdd\x52\xcf\x93\xc7\x5b\x15\xb4\xae\xe0"
	"\x50\x95\xc3\x31\x15\xc6\x78\x07\x3e\xa6\xa6\x5a\x3c\xf0\x80\xae"
	"\x39\x9c\xb7\x39\x50\x16\xfa\x88\xf2\xe2\x0d\x10\x18\x00\xd2\x97"
	"\xa8\x63\xa4\x63\x56\x35\x92\xde\x46\x99\x34\x00\x50\xbf\x8d\x6d"
	"\xf6\xe0\x79\x77\x61\xa6\x07\x9e\x89\x1e\x04\x9e\x6b\xa1\xfb\x66"
	"\x7a\x68\xcc\x3f\xc2\x1c\x19\xf7\x74\x4c\x77\xff\xd6\x3d\x88\x83"
	"\xdf\x2b\x20\xf4\x0d\x80\x58\x6c\xe6\xde\x82\x3b\x88\x36\xa2\xc4"
	"\x5c\x3d\xcf\x19\x18\x21\xf6\x22\xc7\xd4\xd0\xda\x0f\x56\x86\x8e"
	"\xaa\x29\x01\x4f\x7b\x06\x40\x46\x83\x15\xa6\x67\x7c\x65\xb5\xe0"
	"\x6f\x9c\x9e\x72\xdf\xdd\x64\xbe\xbb\x3a\x5a\x31\xde\xf1\x68\x98"
	"\x27\xf2\x76\xfb\x8f\xe7\xa7\x97\xff\xfd\xd5\xfd\x4d\x8a\x0f\xd5"
	"\x76\x7d\xd7\x29\xa2\xfc\x80\xc0\x9d\x3a\xf5\xb4\xbb\x5f\x6f\x0f"
	"\xc0\xbf\x4d\x67\x1a\xdc\x18\x30\xbc\x62\x86\xb8\x95\x92\x0e\x0e"
	"\x5d\x71\x2a\x39\x78\x23\x67\x87\xd7\x26\xd5\x6f\x4f\x7f\xfe\xa9"
	"\x08\x38\xc3\xd7\xb2\xf1\x6a\xd4\x3f\xa2\xf5\xce\x33\x46\x63\xd4"
	"\x51\x0b\xb1\xe6\xec\x8a\xda\x30\x98\x1d\x70\x97\x08\xb1\x62\x9d"
	"\x10\xdd\xfe\xa4\x00\xaf\xae\x57\xd0\x32\x69\xd9\xd8\xcb\x33\x2f"
	"\x16\x3d\xaa\x7f\xe0\x54\xfb\x5b\xf6\xd8\xd3\xf7\x0f\x08\xc5\xfd"
	"\x7e\xf7\xd1\x76\xdb\x6d\xc4\xf3\xcb\xc7\xd7\xa7\xe7\x0f\x70\xe1"
	"\x25\xdd\x63\xdd\xfd\x0a\xbd\xfb\x01\xb1\xb8\x3e\xa6\xc3\x7d\xed"
	"\x47\x21\x9f\xf0\x34\xc9\x67\xf4\xd5\xd4\x3f\x9e\x1e\x57\x92\x1c"
	"\x51\xf5\x12\x87\x87\x04\x22\x89\x88\xa3\x72\xad\x8b\xed\x97\x88"
	"\xb5\x60\x2a\x85\x54\x35\x3d\x2b\x81\xa7\x21\xa1\xdf\x95\x06\x49"
	"\x3b\x5a\x17\x82\x4b\xb5\x89\xbd\x6b\x98\x5f\xde\x3e\x1e\x9d\x5f"
	"\x86\xe1\xd9\x28\x70\x76\x5d\x20\x1b\x3b\xd0\x31\x61\x0a\x68\xf9"
	"\x5e\x6c\xa8\xfd\x43\x9b\x48\xb8\x7b\x7a\x11\x23\xf0\xf5\x41\x71"
	"\xf3\x05\x40\xb8\x70\x6a\x23\x06\xa9\xf5\x93\xe9\xe0\x88\x45\x93"
	"\x3c\x72\x35\x33\x4c\x3f\x37\x69\x72\x1e\x3b\x9d\x51\x6b\x5d\xed"
	"\x27\x62\xf1\x55\x69\x00\x6a\xaa\xd9\x72\xfb\xef\xc8\x7a\x1d\x7c"
	"\x4e\x10\x35\x8e\x1b\xe8\x18\x21\x4e\x8e\x7a\x48\xcc\x51\x57\x46"
	"\x43\x08\xa2\x18\x3e\x80\x84\x98\x0f\xe2\x0e\xb2\x3b\xb1\x28\x08"
	"\xcd\xf5\x85\xb0\x42\x2b\xcc\xf9\x6c\x87\xa9\x78\x40\x7d\x4b\x59"
	"\x29\xcf\x5c\x0f\x09\x3f\xa0\x62\x3c\x73\x46\x47\x01\x09\x8c\x08"
	"\x19\xc0\xda\xf3\xed\x18\x27\x9c\x01\x9a\x83\x89\x2c\x7d\xb8\x70"
	"\xeb\xc8\xdc\x85\xeb\x4f\xbe\x77\x6f\x44\x70\x21\x90\xad\x1c\x62"
	"\xc4\x6c\x18\x6a\x0d\x7a\x1d\x2b\xc1\x7e\xae\x15\x12\x20\x46\x82"
	"\xc3\x5c\x3c\xf3\x28\x24\xcc\x77\x3c\x33\x17\x57\xe0\x66\x78\xba"
	"\xbd\xc1\x29\xc4\x32\xd5\xa0\x47\x57\xf6\x4e\x5f\x2d\xec\x13\xcd"
	"\xb3\x43\x02\x2b\x64\xe1\xdb\x21\xf6\x19\xbd\x72\xec\x53\x11\x31"
	"\x54\xbc\x76\xe9\x0a\xb3\xf7\xbf\x0d\xdd\xc2\x3e\xba\xa1\xeb\xce"
	"\x98\xf2\x8b\x68\xc6\xd2\xe1\xd9\xa6\x8f\xe7\x5a\xe6\x2a\xa3\xe5"
	"\x72\x15\x20\x5b\x89\xc6\x7d\x02\xf0\x0f\xdc\x04\xcd\x58\xb2\x63"
	"\xee\x7b\xfe\x9c\x1a\xda\x18\x59\xf0\xd1\x4a\xbd\x2e\x93\xc5\x95"
	"\xcf\x0f\x1f\x42\xea\xfc\x66\xaf\x87\xeb\x45\xa1\x8d\x41\xb0\xb0"
	"\xa4\x43\x48\x60\xe5\xc4\x30\x0a\xce\x1b\xc2\xd2\xec\x64\x43\x2e"
	"\x17\xb6\xc9\xe1\x2d\x1c\xf3\x14\xe3\xf5\xbd\xbb\xac\x89\x85\x51"
	"\x16\x51\x6d\x69\x3d\x40\xfc\xc0\x0a\x41\xc3\xc9\x76\x10\xce\x42"
	"\xcf\xd2\xa8\xf5\xa7\x45\x64\x61\xda\xaa\x0c\xa8\x65\x96\x01\x43"
	"\x98\x67\xd0\xe7\x53\xfe\x89\x4d\xaf\xad\x5e\x5f\xfe\x09\x22\xb1"
	"\x85\x5f\xca\xcc\xb1\xac\xf3\x80\x30\x57\x71\x53\x8b\xbf\x6c\x7b"
	"\x01\xcf\xf7\x1c\x99\x79\xb2\x43\xfb\xd0\x4d\xd3\x3e\x5a\xfa\x3a"
	"\x4f\x6a\xe2\x5c\xd5\x7a\xc7\xb5\xb5\x70\xa0\x43\x0a\x87\x16\xdd"
	"\xd3\x24\x23\x9d\x46\xa4\x62\x73\x72\x4d\x9d\x4a\xa0\xb2\x1c\x01"
	"\x98\xba\x94\x05\x0f\xd2\x49\xbe\x55\x9c\xc4\x42\xda\x35\x3c\x47"
	"\x1b\xcd\x9b\xab\x54\x35\x94\x2d\x68\x36\x55\x44\xf0\xd8\x36\x66"
	"\xfa\x6d\x9a\xb0\x35\x81\x81\x89\x8e\xfa\xe6\x74\x7e\xd4\x54\x8f"
	"\xed\xd2\x01\x16\x96\x23\xdc\x8c\x67\xa0\x8d\x40\x42\xfd\x3c\x64"
	"\x42\x60\x02\xdf\xf4\x48\x7c\xbf\xcc\xf7\x9d\x33\x96\x79\x17\x2c"
	"\xd3\x42\x6e\xf9\x18\x45\x7d\xa2\x05\x83\xc1\x84\xd6\x6d\x59\x6d"
	"\xc1\x98\xa3\xa1\xd3\x4f\x18\x24\x3e\x40\x05\xa8\x76\xb0\xe9\xf3"
	"\xd3\xe5\xe5\x43\x61\x32\xc2\x4f\x39\x3d\xd7\x78\xdb\x44\xba\xf6"
	"\x14\x20\xd2\xd7\xcd\x66\xaa\x5f\x2b\xf3\x83\x37\x6c\x85\x21\x9a"
	"\xa3\x51\xc1\x03\x39\xd3\xee\x37\x18\x41\x30\xa3\xce\xbd\xf8\x80"
	"\x2c\xfd\x07\x76\x0e\xb0\xdf\x3e\xc0\xbf\xf6\x74\x86\xb5\x38\x71"
	"\x34\xcf\xb2\x02\xb9\x9a\xe8\x20\xd2\x75\xa7\x09\xc0\x46\x21\x83"
	"\x3a\x75\xe4\xc7\xb7\xd7\xf7\xd7\xff\x27\xed\xda\x9a\x13\x37\x9a"
	"\xf6\x5f\xa1\x72\x95\x54\x65\x13\x24\x4e\xe2\x62\x2f\x06\x49\xc0"
	"\x2c\x3a\x59\x23\x61\xbc\x37\x94\x63\x2b\x5e\x6a\x8d\xf1\x87\xf1"
	"\x9b\xdd\xf7\xd7\xbf\xdd\x33\x12\x48\xa3\x69\xe1\xd4\x57\x49\x2a"
	"\x46\x4f\x6b\x34\xe7\xe9\xd3\x74\xff\x7d\xea\x2d\x7f\xbe\x16\xc7"
	"\x4f\xeb\xde\xd3\x7b\xf1\x76\x32\xb9\x5b\x2f\xef\x12\x1f\x05\x2e"
	"\xe1\x26\xcc\x98\x74\x5e\x64\x4c\xcf\xef\xce\x53\xcf\x3c\x66\x49"
	"\xca\x45\x68\x93\x19\xd2\x60\x8e\xf9\x44\xf8\xc8\x34\x0b\xa8\x80"
	"\xc2\x00\x39\x13\x7b\x30\x33\x5b\x78\x52\x67\x62\xd9\x39\x01\x59"
	"\x8e\xd3\x8c\x15\xaf\xe4\x48\xe8\xb1\xb7\x53\xe9\x63\x77\x1e\x1c"
	"\x15\xb7\xfb\xe1\xa1\x78\x2e\x8e\x87\x7d\xa1\x07\x85\x67\x30\x8f"
	"\xac\xb1\x4d\x9c\x39\x15\x3a\xe8\x44\xa7\x5d\xe8\xb0\xed\x41\xc6"
	"\x5e\xee\x9f\x0f\x4f\x32\x38\xf9\xee\x69\x77\xba\x7f\x46\x05\x09"
	"\x54\xb7\x5d\xb7\xc9\xb8\x3f\x26\x0a\x9f\x4c\x08\xb9\x07\x20\xc7"
	"\x22\xdf\xb2\x08\xc7\x03\x80\x6c\x87\xac\x6a\x55\xcf\xbf\x76\x9f"
	"\x1e\x77\xc7\x42\x65\x53\xa5\x2a\x9d\x4d\xb4\x30\x34\x65\xa0\xf9"
	"\xd7\xfb\x07\x28\xe4\xe5\xa1\xf8\x50\xcb\xa9\x04\x9a\x12\x22\xdb"
	"\x30\x19\xb6\xbf\xec\xc9\x1a\xc3\xff\xd4\x17\xc5\xcf\x97\xd3\xb7"
	"\xe2\x6d\xa7\x7d\x70\xea\x0c\xa8\x52\x01\x1a\x1a\x4a\x55\xc5\x3d"
	"\xfd\x84\x25\xf9\x70\x78\x2d\xaa\xec\x00\xed\xd9\xd5\x37\x78\x11"
	"\x46\xc5\xe9\x9f\xc3\xf1\xbb\xec\xe0\x9f\xff\x2d\x8e\xbf\xf7\xf8"
	"\xfe\xb5\x78\x94\xdd\xe3\x12\x7d\x32\x9a\x0e\x0c\x1a\xcb\xdd\xd3"
	"\xb7\x93\xe9\xdb\x99\x08\xec\x1f\x93\x1f\xed\x21\x85\xd1\xfb\x4f"
	"\xd1\x2b\x5e\x8a\xe3\xd3\xcf\x9e\x5c\x11\xb8\x62\xb8\xdb\xfc\x98"
	"\x3f\xa1\x82\x1e\x28\x6c\xd8\x81\x39\x1d\xd8\x94\xc4\x9c\x51\xbb"
	"\x97\xd3\xe2\xed\xf0\x8c\x0a\xe6\x0f\x4c\x19\x5b\x4c\xa9\x29\x63"
	"\x83\x10\xd0\xef\x02\xad\xbe\x21\x53\xb8\x52\x03\xf7\x3e\xe1\xae"
	"\xf2\xf2\x08\x0b\x41\xe6\x27\xae\x2e\x5b\xdf\x7f\x7f\x7f\xc5\xba"
	"\x40\x05\x61\xec\x5f\x8b\xe2\xe1\x5b\x23\xa0\x9c\xda\x5f\xb7\xad"
	"\xfb\xc0\xe5\xba\x7a\x3c\x1e\x76\x8f\x97\x63\x8e\x89\xa5\x52\xdc"
	"\xd5\xb2\xab\xa3\xf7\xd6\x4a\xbf\x46\x5f\xd1\x47\x5e\x8a\x66\x5c"
	"\xa9\x7f\x63\x01\x66\xc3\xd6\xb4\x73\xc8\xf1\x2c\xc2\x78\x9b\xb2"
	"\x70\x1b\x27\xc0\xe9\xf1\xaf\x3e\x69\xa3\x53\x69\xc5\x91\xfe\x1a"
	"\x09\x5b\x98\xaa\xa3\xdd\x86\x85\x9f\xb4\x97\x1f\x82\xad\x70\xc5"
	"\xb5\x0f\x19\xca\x8a\x89\x28\x3c\x65\x1f\xd3\xa9\x43\x81\x71\xdc"
	"\x02\xd3\x38\xa1\x72\x0c\x05\x11\x11\x37\x7d\x21\xb6\x18\x7c\x10"
	"\x73\x13\x50\x67\x1e\xa6\xbf\x76\x83\xd5\x76\x13\x44\x18\x78\x7c"
	"\x75\xfb\x35\x25\x63\xd0\x67\x73\x73\x31\xb7\x3c\x70\xad\x7e\xbf"
	"\x4f\x5b\x50\x2f\x14\x94\x05\x99\xf2\xe0\x5e\x89\x09\x25\x83\x2c"
	"\x52\xff\x4e\xf3\xad\xf8\x57\x8e\x1f\x9a\xa7\x47\xe6\x26\x26\x87"
	"\xa0\x88\x45\xf1\x32\xaf\xe9\xc9\xcb\x07\x6a\x94\x93\x46\x88\xec"
	"\x84\x0f\x89\xc0\x7c\x8b\x38\xf0\xe6\x9c\xb0\xea\xba\xcb\x14\x98"
	"\x8f\xf3\x15\x20\x13\xf3\x06\x23\x83\xfa\x69\xe0\xc8\x56\x79\x2d"
	"\x70\xe5\x12\x13\xd1\xe3\xf0\x25\xa9\x9f\xb0\x7a\xba\xa0\xcb\xd0"
	"\x9e\xa3\x46\xaa\xe0\xbf\xee\xf3\xe1\xe1\xbb\xca\x4c\x80\x7b\x77"
	"\x23\xb7\xcc\x65\x3a\x20\x0f\xc9\x30\xa5\x81\xb9\xc2\x40\xb1\x14"
	"\xde\xea\xda\xa4\x12\x7c\x34\x18\x59\x1f\xa0\xb2\x86\x1f\x20\x22"
	"\x62\xd3\xd4\x88\x5c\xcf\xf5\x27\x04\xb3\xa1\x91\x51\xe9\x8a\xeb"
	"\x64\x02\x03\x5a\x6f\x89\xa0\xcd\x48\x71\x13\xa7\xdc\x14\xe2\xbc"
	"\xbe\xae\x30\xc0\x45\x7d\x8e\xd4\xb0\x68\x93\x5c\xab\x43\xb2\x61"
	"\x57\x49\xb8\x4b\x1c\xfa\xf5\xf1\x74\x47\xdd\xf5\xac\x85\x2d\x36"
	"\xbd\x8f\xe1\x7c\x27\x57\x47\x12\xa9\x06\xd3\x8f\x50\x8d\x47\x1f"
	"\xa2\x72\x3e\x42\xd5\xd4\x56\x12\x34\x23\xba\x61\x54\xb0\x5f\x8d"
	"\x8a\xb0\xa4\x2f\x6f\x61\x4f\x8b\x74\xa7\x6c\xb5\xac\xe4\x52\x13"
	"\x87\xf7\xe3\x43\x61\x70\x38\x93\xa1\xf9\xe3\x9a\xc3\xb4\x7a\x92"
	"\xa4\xf1\xac\xbe\x90\x83\x95\x48\x5d\x29\x4a\x5d\x1e\xe2\x49\x29"
	"\x2f\x89\x6a\xd9\x0e\x9a\xcf\xb7\xfe\x3a\xc3\xe0\x2c\xf5\x90\xd3"
	"\x1a\x45\x1c\x07\xdb\xdb\x38\x5d\xb1\xb4\x4c\x31\x51\xd7\x2a\xa4"
	"\x29\xcb\x72\x20\xef\xf7\x9d\x51\x3d\xc6\xf3\x92\x0b\x90\xed\xe1"
	"\xc7\x99\xc4\x1a\x5b\x7d\xf9\x4f\xe3\x43\xe3\xe1\x99\x00\x0a\x98"
	"\xda\x56\x43\xfa\x4d\xcb\x04\x0e\x70\x26\x38\x84\x96\x50\x05\x45"
	"\x4f\x38\xe5\xe7\x54\xbe\x7f\x27\x5a\x76\x6b\x51\x35\xd0\x25\x74"
	"\x0a\x67\x82\x30\xcb\xed\x6e\x8a\x8c\xc8\xd2\xec\x9f\x1b\x90\x99"
	"\x5c\xe3\x43\xc6\x83\x59\xbc\xd1\xdb\x1c\x2e\x73\x42\xd7\x52\xe6"
	"\x51\xa3\x09\x06\x76\x7f\x1b\x42\x91\xe6\xbe\x2a\xd5\x4b\x14\x5e"
	"\x56\x87\xe6\x68\x66\x6e\xb8\x9d\x07\xfe\x06\xab\xa0\x15\x52\xeb"
	"\x72\x37\xf4\x6e\x24\xae\x73\x69\x69\x12\x8a\x05\xf5\x26\x87\xa5"
	"\x94\x37\xf3\x68\xa8\x47\x5a\xfe\xc2\x05\x32\xf4\xbb\x87\x9e\x04"
	"\x7b\xc9\xfd\x53\x21\xed\xf2\x55\x72\xb4\xc6\x55\x6c\xf9\x3e\x8f"
	"\xb7\xc9\x22\x93\x3c\x5d\x90\x30\x9f\x60\xd5\x34\x4a\x18\x86\xf5"
	"\x44\x90\xd5\xe4\xf1\xba\x76\xb9\x2e\x9e\xab\xc7\x7a\xcd\xbd\x90"
	"\xe9\x43\x2b\x42\x62\xa6\x54\xe0\x76\x3d\x20\x39\x53\x55\xea\xda"
	"\x36\x48\x0f\xfb\xc3\xa9\xc0\xfc\x6a\xed\x3d\x24\xf5\xf1\x66\x7f"
	"\x69\xe8\x56\xd4\xaf\xfb\xb7\x27\xa3\xe2\x54\x8e\x8f\x54\xa5\x2d"
	"\xe4\x35\x96\x34\x69\x27\xd6\xc2\x88\xd6\xbf\x8a\x9f\x6f\xa7\x62"
	"\xdf\x8b\x81\x57\xf8\xb6\x7b\xfd\x0d\xc5\x82\x87\xdd\xdf\x30\x2a"
	"\x9e\xa6\x8f\xd8\x83\x54\x0d\x8f\x31\x9d\x80\xa6\xaa\x98\x1d\x0f"
	"\xf7\x8f\x0f\x87\xbd\x86\x35\x12\x03\xce\x52\x37\x14\xd9\xac\xed"
	"\x8b\xf1\x47\xb8\xd1\xde\xab\x75\x53\x82\x77\xd0\x6f\x53\xd6\xf2"
	"\x8c\xa4\x27\x3e\xba\x00\x1a\x59\x3b\xe9\xf4\x17\xbb\x28\x9c\x54"
	"\xdd\x77\xf3\x7e\xff\x0c\xf5\xa6\x2b\x9e\x47\x1b\x2e\xa3\xf8\x9b"
	"\xf7\x0c\x8c\x64\x66\xda\x0c\x12\x29\xd9\xcc\x53\xff\xa6\xfa\x52"
	"\xf9\xb3\xb7\x38\xc0\x37\x5e\x0e\xf5\x76\x96\x10\x30\x8d\xeb\x2a"
	"\x04\x58\x1c\x79\x7e\xc8\x9a\x49\x80\xea\x64\x89\x9f\xe2\xe6\x81"
	"\xb7\xbe\xcc\x0a\xcb\x3a\x2d\xde\x8e\x13\xc0\x39\x5e\xa5\x3c\xa7"
	"\x93\xbe\x5e\x26\x13\x82\xaf\xdb\x97\x66\xaa\x56\x7a\xa6\xb1\xbc"
	"\x89\x85\x31\x07\x29\xa6\x89\x5b\xcf\xe5\xa9\xa7\x32\x00\x00\x77"
	"\x4b\x6e\x5b\x1a\xf5\x64\xf2\x2f\xa8\x31\xc3\x41\x17\xf5\x65\xd4"
	"\x54\x92\x1c\x93\x73\xcd\x26\x73\xa5\xa8\x27\x9b\xeb\xff\x38\x81"
	"\x30\x5d\xdd\x0b\x37\xb8\x11\x2b\x72\x90\xd7\x5d\x99\xfd\xc8\x7c"
	"\xae\x28\x1a\xd2\xa9\xa9\xc4\xf1\x22\xfd\x80\xc8\xfd\x5c\x92\xa4"
	"\x19\xe6\x44\x66\x5d\x24\x22\x1c\x8d\x08\x73\x56\x49\xa1\xee\xb3"
	"\x2d\xae\x91\xe8\xd5\xd5\x2a\x8b\x96\x8b\x66\xfc\x8a\xf2\xd1\x96"
	"\x7b\x1e\x37\x7a\x55\xc3\xde\x96\xde\xe9\x7b\x6c\x12\x58\x13\x7b"
	"\x1b\x26\x21\x95\x86\x50\x84\xbc\x95\xd0\x16\x8d\x03\xa1\xdb\x6d"
	"\x3c\xf0\x60\x4d\x5f\x21\xf1\x8d\x91\x6a\x78\x9d\x31\xe3\xa8\x39"
	"\x97\x97\xcb\x1a\xd2\xff\xf9\xe9\xd6\x9d\x99\x8b\xd8\xae\xe6\x7c"
	"\x2e\xa9\xf4\x17\xab\xab\x0e\xe6\xb3\x0d\x08\x4a\x0f\x31\x12\x17"
	"\x55\x68\x90\x2e\x0a\x43\x21\x57\x95\xce\x9b\x60\x30\x1c\x91\x91"
	"\x3e\x2b\x9c\x12\xf9\x67\x21\xb3\x08\xed\x2f\x40\xb6\x4d\x41\xae"
	"\x35\xea\x4b\x9f\x37\xb3\x97\x96\xc7\x6c\xa2\x54\x8f\x51\xb9\xbf"
	"\xe1\x2c\x4f\x3d\x42\x6e\x54\xd8\x94\xc6\x08\xed\x84\xec\xd7\x4c"
	"\x55\x74\x3b\x60\x1b\x6e\x1e\xc0\xd5\x46\x78\x53\x02\x71\xbf\xac"
	"\x80\xa5\x26\x58\x06\x10\xfa\x06\x94\x4f\x3c\x9b\x0c\x47\xf4\xc0"
	"\x54\x38\xed\xcd\xcf\x26\x54\xe8\x51\xc0\x9c\x21\xa1\xb9\x06\x6c"
	"\x3a\x22\xc4\x7d\x85\x11\x4d\xd9\xb8\xc3\x3e\xe1\x44\x03\xd8\xd8"
	"\x26\x36\x39\xe1\xb2\x01\x19\x29\x3b\x5b\x39\x03\x2a\xc4\x27\x60"
	"\x33\x36\xfa\x7f\x99\x34\xec\x31\x69\x9c\xb0\xa7\x16\x0d\x51\x4a"
	"\xe5\xc9\x70\x42\xdb\x48\xe8\x6f\x4d\xe8\x6f\x4d\xa6\x03\xd2\xb2"
	"\xe2\x4c\x28\x68\x6a\x93\x6f\x4d\x09\x07\x6b\x57\x6a\xf6\x2c\x3c"
	"\xd3\xcc\x67\x44\xb4\xf6\x83\x38\xc1\x10\x20\x99\xef\x52\xde\xe6"
	"\x4b\xee\x0c\x09\x07\x8e\xe5\x86\x8a\xc5\xcc\x23\x66\x6f\x36\xe4"
	"\x97\x83\xcc\xb5\x87\x84\xd6\x42\x62\x94\x73\x3c\x62\xc4\xe5\x5b"
	"\x38\x75\x2d\xca\x6f\x0d\x31\xcb\xa2\x6e\xba\x48\xd0\x21\xb1\x01"
	"\xe1\x48\x88\x71\xfe\xc7\x44\xfb\x43\x37\x01\x99\x70\x43\x62\x43"
	"\xdb\xa6\x32\xc7\xcb\x23\x31\x1b\x8f\x80\x5f\x62\xf9\x06\x7a\xb0"
	"\x7e\x0f\x69\x3c\x18\x6d\x2e\x8f\xcf\x45\x46\x2c\x9f\x50\xbe\x2f"
	"\x19\xc7\x61\xe8\x3b\x96\xdb\x09\x0f\xba\xdf\x1e\x8a\x3e\x71\x2d"
	"\x43\x51\x58\xb6\x35\x70\xba\xf0\xbe\x23\xac\xce\x1a\x5a\xb6\x23"
	"\xfa\xa3\x4e\x8a\xb1\x25\xc6\x44\x78\x0a\x49\x01\x5f\xb0\x46\x1d"
	"\xf0\x64\x4a\x58\xfd\x14\xec\x8c\x1d\xb2\x09\x59\xe0\x0e\x47\x44"
	"\xb0\xef\xf5\x7c\x6c\xf5\xf5\xb9\x5e\x0a\x62\xaf\xcf\x20\xa0\xb5"
	"\x76\x29\x47\x4b\xdd\xa5\xd0\x6f\xc5\x5e\x46\x1f\x10\x06\x4b\x5f"
	"\x16\x30\xb1\xc5\xd8\xc0\xd2\xb3\x86\x58\xee\xc2\xa1\x96\x23\xbb"
	"\xd1\xa3\xb7\x5c\x6a\xff\xd5\x99\xb6\x2f\x5f\x2c\x77\x8f\x95\xbf"
	"\x0f\x1a\xbe\x95\x8a\xfa\x6c\x9e\x12\x49\x05\x9e\x81\xe6\xf1\x2a"
	"\x92\xb2\xa6\x5a\x94\xb0\x52\xdf\xfd\xfe\x72\xaa\xc9\xa4\x95\xad"
	"\xf3\x84\xf9\xc5\xe5\x46\x4f\xed\xee\xa3\xfe\x98\x32\x0c\x8e\x06"
	"\xe3\x3e\x09\x91\xb6\xec\xd1\xd0\xb6\x48\x68\x38\xa6\x21\xca\xce"
	"\x38\x1a\x4d\xed\x94\xc6\x06\x34\xd6\x27\x5b\x36\xb6\x87\x29\xc9"
	"\x13\xe0\x96\x38\x26\x6d\xcb\xa3\xb1\x43\x36\x62\x42\x9c\xde\x08"
	"\x8d\x2d\x1a\x22\xeb\xd9\x71\xe6\x0d\x48\x1f\x07\xc7\x21\x9c\x23"
	"\xbc\x24\xce\xf0\xb2\x94\x79\x0f\x1d\xdb\x03\xa2\xd1\xb0\x2d\x8f"
	"\x2c\xf2\x18\x18\x39\x36\xb9\x63\x0f\x27\x84\xe9\x01\xb1\x29\xe1"
	"\xdd\xae\x16\xbf\x67\x70\x61\xc2\x75\xf3\xf8\xbe\xdf\xff\xd4\x72"
	"\xc7\xcf\x8f\xc5\xff\xbd\x17\x2f\x0f\x3f\xcf\xbe\x02\xff\x45\x3b"
	"\xb0\xe7\x89\x3f\x93\x20\x38\x67\x84\x94\x2a\x6a\xa9\x76\xbb\x3f"
	"\x1d\x8e\x7f\x7a\xbb\xb7\xd3\x71\xf7\xd7\xbb\x9e\x02\x9e\x79\xd3"
	"\x91\xe1\xa6\x51\xf2\xed\xfe\xad\xf8\x14\x40\x19\xc5\x63\x2f\x38"
	"\x1c\x5e\x7b\xbf\x42\xe1\xbf\xf5\xfe\x3e\x7f\xfc\xad\xf6\xf1\x66"
	"\x81\xf3\xe1\xc0\xc0\x83\xfd\x1b\x8f\x04\x72\xbd\x21\x4a\x39\xba"
	"\x57\xe8\xb8\xcb\xdf\x85\x5c\xe4\x9b\x54\x0c\x47\x94\x64\xb2\xb0"
	"\x28\xae\x39\xc9\x07\xfd\x51\x9f\xe4\xc8\x4b\x59\x61\x71\x97\xc6"
	"\x1d\xa2\x02\xcf\x16\x03\xcd\x01\x40\x6d\xa2\xc5\xfd\xf3\xe9\x5b"
	"\x6d\x3f\xaf\x9e\x1e\x4f\xbd\xf4\xfe\x54\xf4\xc2\xc3\xcb\xee\xa4"
	"\x77\xe1\xdc\x1f\x0e\xa9\xe5\x22\xb1\x21\x35\xb9\x07\xfd\x0e\x1e"
	"\x07\xc1\xb6\x0e\x73\xf9\xbe\xdf\x3d\xee\x4e\x3f\x8d\x83\x19\xda"
	"\x03\xe2\x3c\xf5\x96\x19\x71\xd4\x2c\xf1\xac\x27\x38\x9f\x65\x26"
	"\x6c\x62\xf9\x2d\xb3\x9c\x40\x04\x9f\x50\x32\x08\x42\x76\xbb\xdb"
	"\x39\xac\x99\x13\x5e\x06\xdc\x17\xf7\x6f\xef\xc7\x62\x5f\xbc\x9c"
	"\x7a\xef\xd0\xd3\x86\xa9\x3a\xec\x77\x4d\xc6\x21\x29\x06\x73\x98"
	"\x51\xe4\xac\x29\x61\x6a\xcb\x5e\x85\x9b\x31\xc5\x36\xaf\x71\x4a"
	"\x8e\x3b\xa7\x64\x8d\x86\xfa\x42\x39\x6d\x03\x11\x8e\x3d\xb1\xf9"
	"\xb8\x53\x0f\xf3\xbe\x78\x5b\x41\x09\xe3\x2c\x18\x60\x52\x19\x33"
	"\x96\x78\x62\x4a\xdd\x25\x97\x20\x95\x0a\x64\xb6\xb4\xa8\x14\x29"
	"\x08\x11\x23\xe0\x86\x03\xdb\x22\x6e\x43\x20\x46\x19\x5e\x43\x68"
	"\xc2\x80\x82\xc6\xc4\x3c\x43\x68\x4c\xc8\xcf\x8b\xc4\x66\x09\xcc"
	"\x42\xd6\xef\x13\x5e\x24\x92\x0f\xc2\x9b\xae\x81\x3d\xed\x13\x72"
	"\x46\x93\x88\xb8\x00\x2e\x41\x2a\x93\xdb\x17\xc1\x80\x07\x27\xdc"
	"\xdf\x93\xb4\x4f\xde\xaa\xce\x52\xea\x42\x34\x6c\x1a\xb0\xdb\x10"
	"\x63\x1a\x27\x19\x0c\xb7\xf9\xc5\x04\xaa\x62\xf7\x49\x58\x70\xcb"
	"\x1a\x8e\x28\x0d\xc0\x60\x40\xe8\x6d\x32\x57\x0c\x86\x84\x3f\x82"
	"\xc4\x88\x8b\x6c\x55\xdf\xa2\xc7\x1a\x75\x29\x4c\x62\x0e\x89\x0d"
	"\x47\x03\x2a\x50\xcb\xc8\x72\x6c\xb3\x5f\xce\xda\x8d\x02\xb2\xfb"
	"\xd6\x7e\x18\x8c\xfb\x84\xe3\xc4\x3a\x18\x5b\x06\x6f\xc9\xf0\xfe"
	"\xe9\xa5\x38\x29\x85\x9f\x71\xf5\xae\xc8\x4c\x39\x12\x22\xd8\xbd"
	"\x55\x7f\x3a\x25\x56\x7c\xa9\xd3\x0b\xd9\x22\xea\xd8\xec\x2e\x34"
	"\xa4\xe2\x8a\x2d\x06\xd4\xc5\xa4\x30\x74\x07\x23\x7b\xd8\xa9\xab"
	"\x93\x85\xd3\xe7\x6f\x35\xc2\xcb\xd0\x1d\x39\xc3\x8e\x9c\x5b\x1a"
	"\x9d\x56\x5d\xd5\xc9\xef\xcf\xa7\xdd\xeb\x73\xf1\x43\x63\x8b\xb0"
	"\x26\x5a\x9a\xea\xf2\xb0\x79\x78\xde\xbd\xb4\x06\xa5\xc1\x32\xbd"
	"\x1e\x4e\x70\x04\xed\x0c\xaa\x5a\x10\x59\x9d\x3e\xa9\x5e\x18\x0d"
	"\x1d\xab\x03\x9b\x90\xcc\xaa\x35\xa0\x99\x5c\x6a\x2a\x67\x49\x60"
	"\xe4\x10\xf4\x46\xbc\x9d\xee\x9b\x07\x69\x10\x26\x53\xab\x6f\x60"
	"\x7f\x92\x63\xf1\x86\xe7\xaf\x71\xae\xce\x92\xfe\xb8\x1f\x2e\x88"
	"\x29\x95\x50\xaa\xe2\x65\x42\x75\x57\x12\x58\x56\x87\x6a\x55\xc1"
	"\xe4\x04\x4d\x02\x98\xa0\x04\xf7\x2f\x46\xa4\x9a\x07\x20\x22\x49"
	"\x58\x39\x73\x65\xd0\x4a\x73\x7f\x8f\x28\x2e\x6f\x99\xd8\xfd\xb1"
	"\xb9\x19\x5f\x13\x06\x47\xdb\xd8\x7c\xa2\xbf\xa0\xa3\xad\xa9\xaf"
	"\xc5\x60\xda\xd4\xe0\x95\xc3\x73\xf8\xb1\xdb\x23\xef\x87\x4e\x78"
	"\x8f\xbb\x37\xe5\x3d\x6d\x28\x20\xe0\x1e\x4b\x31\x7e\xba\x4f\xdd"
	"\x47\x11\xe9\x9c\x4a\x9d\xb9\x99\x8e\x28\x55\x30\xbc\xe4\xb4\x1d"
	"\x63\x8b\xfd\x2b\xca\x3c\xc4\xc4\x81\xa9\xcf\xc3\xad\x0c\xf2\x19"
	"\xbb\x71\x9e\x10\x8e\x70\x61\xb0\x99\xf6\xc7\xd4\x69\x11\x26\x7d"
	"\xc2\xa8\x20\xa1\x09\x71\x0e\xdc\x09\xe2\x44\x93\x10\x71\x0c\x24"
	"\xb7\x26\x0b\x37\x4f\x6f\x30\x44\x6c\xd3\xfd\x67\xc1\xdd\xd6\x03"
	"\x6c\xf0\x36\x4a\x3f\x5b\xfa\xf3\xf5\xa0\x16\x78\x8a\xa5\x19\xc7"
	"\x9c\x31\x68\x6e\x76\x93\xbc\x19\xba\x08\xa9\x33\xcc\xc0\x9d\x01"
	"\x0b\x17\x34\x31\xa8\x38\x54\xa5\x61\xd9\x4a\x98\xbb\x22\x43\x63"
	"\xc1\x74\x86\x62\xe0\x47\x96\xc6\x41\x40\xd8\xb6\xe6\x86\x08\xd8"
	"\xc9\xf2\xae\x27\xde\xff\x7a\x93\x2e\x0c\x17\x6b\x73\x99\x65\x4a"
	"\x0f\xab\x09\x3f\x95\x83\x1e\xe9\x10\xb3\x8a\x23\x26\x03\x8c\x22"
	"\xad\xb9\xe3\xa1\x8c\x64\xc3\xb6\xb6\x13\x85\x32\x88\xe8\x75\x2a"
	"\x2c\xcf\xe4\x23\x00\x34\x06\x3b\x69\xf5\x18\x3d\x79\xbb\x2a\xe1"
	"\x26\x2e\x4b\xc8\xeb\x2d\xd2\xe8\x0f\x04\xc4\x86\xdd\x56\x9f\x25"
	"\xc5\x11\x6f\xa6\xca\xc5\xba\x57\x02\x64\x3b\xe9\x82\xb4\xc8\xd6"
	"\x7d\x63\xa4\x0b\xb7\xc8\xcb\x87\x97\xf1\x34\x44\x93\x6e\x7b\x8f"
	"\x2b\x6f\xf0\x5a\x61\xa5\x7b\xf8\x8c\x47\x9e\x9f\xc2\x94\x71\x29"
	"\xac\x1e\xff\x41\x7b\xab\xba\x03\xf8\xcb\x5f\x3b\x0c\xe8\xf1\xfb"
	"\xb7\x7f\xca\x3f\xfe\xf3\xf2\xa8\xfe\xaa\x05\xae\x68\x7f\x11\x4e"
	"\xf3\x60\x4e\x04\x42\xcb\x52\xe6\xfa\xc0\x9a\xe7\x5b\xcd\xeb\x3d"
	"\xe0\xb3\x68\xed\xf1\xd0\xb4\x24\x3d\xb6\xa9\xf9\x12\xaf\xb5\x37"
	"\x45\x16\x76\x5c\xe4\xcb\xcc\xfe\xc3\x38\x33\x5a\xdd\x3b\x17\xdc"
	"\x74\xa5\x6a\x2e\x4c\x36\xec\xcc\xf7\x2b\x17\x06\xf8\xd3\xe4\xf8"
	"\x02\x8c\xb8\xdf\x76\xef\x58\x15\xc7\x97\xe2\x59\xe4\x97\x41\x5c"
	"\x89\xc6\xc0\xc3\xcf\x8e\xb0\x59\x88\xe2\x35\xb3\x5b\x99\xea\xe1"
	"\xe2\x87\x68\xa8\x21\x92\x86\x2c\xc2\xcb\x96\xcb\x38\x3e\x3b\x35"
	"\xcf\x77\xc7\xfd\x3f\xf7\xc7\xa2\xed\x60\x22\xa7\xa6\x70\xf9\x76"
	"\x7e\xdb\xf2\x21\xc0\xc7\xee\xd2\x77\x57\xc4\xce\x22\xfd\xb5\xdc"
	"\x84\xa3\x2f\x66\x06\xfb\xbf\xd9\xd2\x3c\xe7\x69\x78\xcb\x52\x1f"
	"\x47\x3f\x64\xc6\x3c\x5b\xe8\x9e\xad\x9c\xbf\x5c\xb7\x61\x4a\x59"
	"\xc4\xf1\x22\xf0\xcf\x45\x10\x7e\x07\x42\x3a\x68\x18\xce\xae\xa7"
	"\xe3\x7d\xef\xef\xaa\xe9\x9a\xde\x6f\x87\x37\x39\xe4\xfe\x57\x77"
	"\x29\x92\xb1\xe6\xb0\x8b\xbd\x32\x5e\x4c\xbd\x36\xfe\x26\xb3\xb7"
	"\x84\x87\x01\x60\x03\x0d\xbb\x20\xc3\x46\x50\x4b\xf9\x20\xc7\x6c"
	"\x6e\x71\x2a\xcb\xd4\xa0\xb9\xd8\x62\x28\xd6\x0d\xd4\x20\x68\x43"
	"\xc2\x77\xf3\x94\x67\x77\x1a\xe2\x47\x32\xaa\x20\xaf\xe7\x48\xa9"
	"\x5e\x69\x60\xf5\x1a\x0f\xc9\xf0\x32\x5f\x66\x9e\x5d\x27\xc6\xdf"
	"\x24\x31\x86\x00\x9d\x55\x51\xfa\x6a\x87\x13\x17\xb8\xe5\x50\x3d"
	"\xf6\x85\x86\x36\x34\xb4\x98\x0b\x72\x0c\x62\xb7\x03\x9c\x65\x1d"
	"\x75\x89\x78\xd0\x7e\xb5\x6a\x9d\x2d\xdf\xab\x39\xfd\xe2\x03\x91"
	"\xb1\xac\xfd\x14\xfe\xdd\xb0\x2c\x4b\xdb\x8f\x0d\x23\x5a\x41\xb5"
	"\x11\xbd\x2c\x1a\xc4\xe4\xda\xeb\xac\x14\x31\xb4\x0a\x95\x51\x9c"
	"\x78\xf4\xc5\x77\x11\x37\xaf\xcd\xb2\x18\x8c\xfe\x8b\xbc\x31\x49"
	"\x87\x91\xd2\x36\xe6\xa1\x37\xce\x55\x74\x56\x9b\x6b\x8b\x47\x3d"
	"\x2b\x23\x6d\xc6\x89\xb1\x59\x1c\x3d\x54\x01\xe7\xf5\xe4\x5c\xe8"
	"\xd1\x87\xf1\xd7\xee\x08\x5c\xef\x07\xd3\x63\xd8\x40\x17\x82\xc2"
	"\x78\x14\xf0\xc8\x57\x71\x39\x1b\x34\x6b\xbf\x35\x30\xd5\xc3\xae"
	"\xd5\x50\x52\xcc\x72\x1e\x64\x1c\xf6\x26\xbe\x88\x18\x06\x80\x6f"
	"\x54\x20\x8a\x33\x3e\xaf\x2d\x63\x4f\x7f\xc0\xd5\x03\xe9\x5e\xd8"
	"\xa8\x02\x53\x80\xe1\xdb\x37\x79\x9c\xd5\x9c\x72\xe5\x4f\x8c\x21"
	"\x2d\x3d\x59\x65\xfc\xd7\x39\x9c\xc5\x35\x56\x15\x83\xc2\x96\x64"
	"\xb0\xc1\x46\xda\x25\x61\x05\x50\x0d\x55\x68\x96\xfa\x8d\x65\x7f"
	"\x33\x0f\xb3\xed\xda\x74\xd7\x40\x21\xb6\x56\x3d\x37\x0b\x9a\xb7"
	"\xbd\xb3\x78\x2e\x86\xc4\xac\x97\xbb\x66\x63\x5a\xb9\x5a\xfe\x80"
	"\x6a\x2b\x80\x21\x08\xd8\x9d\x46\x7c\x79\x0a\xbb\x93\xc7\x53\x58"
	"\x19\x5b\x8f\x48\x01\x5a\xa3\x45\x2e\xc7\xe8\xae\x0d\x33\xc8\x0f"
	"\xfd\x28\x83\xd3\x56\x7e\xa8\xbc\xfc\xfa\xf0\xad\x99\xf1\x63\x2e"
	"\xe4\xe6\xd8\x36\xbd\x7a\x9f\xd2\x38\xfc\xd3\x5b\x7b\xf2\x38\x6a"
	"\x9d\x46\x5c\xc4\xd3\xf1\xb8\xdf\xd8\x66\xbe\xc4\x01\xf7\x6b\x93"
	"\xf4\x2b\x10\x35\x1b\x99\x7b\x73\xad\xf7\x94\xe6\x20\x16\x7f\xce"
	"\x59\xf6\x67\x94\x99\x3f\x36\xd7\xf6\xb3\x50\xc0\x1b\x8d\x27\x6b"
	"\x9d\x04\x7f\x57\xd1\xe2\xdc\xd8\xf3\xf1\xf6\xf9\xe7\xe1\x60\x62"
	"\xc2\x79\xec\x2e\x59\x0a\xe2\xca\xe7\x5f\x76\x6f\x07\xc7\x19\x4d"
	"\x3f\x59\xbf\xd4\xe7\xf4\x85\x34\xcf\xe6\x8e\xf1\x1c\xd5\xbf\xaf"
	"\x9e\x78\x5c\x60\x7e\xde\xe6\x5e\xa3\xca\xc3\x14\x04\x9e\x8c\x2a"
	"\x40\x9c\xd9\x48\x06\xdc\x4d\x04\x4c\x23\xcd\x7e\x55\xa5\xe1\x15"
	"\xcd\x50\x2c\xc8\xaa\x75\x75\x45\x93\xa2\xd6\x19\xef\xa7\xbf\x9d"
	"\x5a\x3f\x44\x59\xeb\x90\x52\x62\xc6\x5b\xf1\xfe\x78\x00\x66\xc6"
	"\x30\x72\xe8\xd7\xae\x4d\x74\xf9\x68\x45\xe4\x88\x91\x20\x46\x54"
	"\xcc\x82\xfa\x4e\x10\x63\xc0\xe0\x85\x8f\x19\xc0\xb8\x96\x0d\x43"
	"\x82\x20\x21\x07\x5e\xea\x47\x54\x89\x79\x5d\x26\xc1\x4e\xad\x0f"
	"\x95\x16\x7c\x0e\x04\xfb\x66\x85\xe5\x83\xcb\x51\x42\x69\x03\xaa"
	"\xf3\xd5\xac\xa9\xc9\x41\xa8\x0e\x66\xc4\x11\x5f\xa2\x5b\x22\x44"
	"\xc2\x39\x97\xdc\x82\x2f\x58\x94\x71\xd5\x19\xf5\x8b\x82\x55\x24"
	"\xed\xfa\x1a\x81\xa9\xa7\x72\x2e\xdc\x89\xcc\x0f\x9b\x7b\x4d\x8a"
	"\x01\x67\x69\x96\x83\x79\x1d\xd8\x9c\xc6\x7c\x79\x4a\x99\xf7\x47"
	"\xe1\xe1\x4a\xd0\xe6\xc2\x92\x2e\x0b\x20\x95\xa1\x90\x60\x99\x3a"
	"\xaa\x3f\xeb\xa8\x21\x0d\xb9\x29\x0b\x09\x48\xdc\xe4\x4c\x2c\x09"
	"\x70\xdd\xc1\x11\x86\x3c\x82\x49\x43\xb1\x84\x61\x47\xeb\x13\x1a"
	"\xbb\x89\x36\xc3\x4e\x74\x4c\xa3\xa9\xe1\xa3\xd5\x42\xc1\x28\xf9"
	"\xf5\xf3\x57\xfe\xde\x7e\x05\x49\xf8\xcc\x83\x35\x16\x9e\xc2\x83"
	"\xaf\xf1\x19\x36\xab\x2d\x2a\xba\xa1\x91\xae\x49\x55\x66\xee\x68"
	"\xd5\x02\x6f\xbe\xb4\x1e\xa6\xac\x29\x78\xdf\x89\x35\xd5\xee\x9c"
	"\x6a\xb5\x9f\xc6\xd5\xc2\xb9\x4c\x92\xf2\x19\xc9\x5d\x9c\x09\x34"
	"\x86\xfa\xfc\xdc\xc4\x77\x56\x98\x41\x48\xaa\xa0\xaf\x3c\x31\xd6"
	"\x23\x71\x93\x7c\xbb\xca\x96\xa9\xcf\xcc\xaa\x43\x60\xa3\x50\xf4"
	"\xae\xaf\x77\xd3\x3d\xe8\x7a\x74\x23\xf8\x51\xed\xf9\x8d\x63\xaf"
	"\x06\x57\x87\xc5\x16\x0e\x8b\x86\x13\x61\x1d\x9b\x10\x6a\xed\x26"
	"\x11\x61\x52\x6a\x10\x39\x84\x71\x57\x23\xb2\x3f\x42\xf4\xa1\xcf"
	"\x7d\xa0\xe2\x54\x88\x67\x8d\xc8\xfa\x08\xd1\x47\x2a\x4e\x58\x1d"
	"\x35\xa2\xe1\x47\x88\x3e\xd2\x05\x84\x5b\xb2\x46\x34\xbd\x4e\x34"
	"\x6d\x3a\xe3\x18\x49\x46\x7d\x72\x12\x4d\x07\x1f\xe8\x9c\xe9\xf0"
	"\x03\x15\x71\x26\x74\xe7\x00\x3b\x8a\xb3\x7c\xeb\x5c\x2f\xc6\xb2"
	"\x3f\x32\x19\x81\xca\x22\x9a\xcd\x84\xcb\x79\x73\xb5\x55\x9f\xb7"
	"\xf4\x6e\xa8\x00\xfb\x6a\xcd\x07\x57\x29\xae\xb7\x7e\x74\x95\x62"
	"\x7c\x95\x62\x72\x95\x62\x7a\x95\xc2\xba\xde\x18\xeb\x7a\x6b\x2c"
	"\xba\x39\xab\x98\x3b\xdb\xb4\x1b\xce\x49\x38\x64\x2e\x9e\x96\x44"
	"\x7e\xb7\x8a\xc2\xf5\x41\x8a\x76\xaf\x90\x80\x6c\x9b\xa7\x71\x37"
	"\x51\x1a\xb3\x8c\x5f\xfb\xd8\x5d\xca\x83\xe0\xca\xe7\x16\xcc\xbf"
	"\x4a\x02\x62\xf1\xaa\x93\x82\xbb\x98\xd9\xce\xeb\xa6\x89\x72\x22"
	"\x6d\x47\xa3\xfb\xae\x35\x2a\xcb\xd3\x15\x37\x26\xba\x47\x0a\x94"
	"\xb7\x1a\x17\x26\x03\x63\xc6\x9f\x88\xe3\x9a\x6c\x48\x9a\xea\xd1"
	"\x36\xc2\x2b\x95\x01\xff\xca\xa4\x32\xc5\x64\x09\x68\x44\x3c\xcb"
	"\xcf\xb4\x84\xa2\xbc\xf7\xed\xfe\xe1\xfb\xee\xe5\xa9\xd2\xd5\xbe"
	"\x1e\x77\x2f\xa7\xef\xca\x30\xba\x2f\xde\x9e\xda\x81\xe3\xa4\x1e"
	"\x43\x5d\x74\x6f\xb0\xec\xc8\xe7\x6c\x03\xd4\x21\xaf\xa5\x88\xa7"
	"\x8e\xe2\xc9\xc5\xc5\x5f\x08\xdc\x63\x5a\x14\xc3\x1a\xa3\x1b\xc7"
	"\x59\x55\xbe\x94\x28\xcd\x2e\x78\x65\xda\x67\x73\xb0\x44\xf7\xb0"
	"\x7f\x05\xc9\xed\xd3\x69\xb7\x2f\x7a\x0f\xdf\x8a\x87\xef\x6f\xb2"
	"\x35\x0f\xea\xf9\xb1\xd6\x20\x2d\x24\x10\x11\x11\xa8\x8c\xcf\x83"
	"\x2a\x1b\x20\x04\x7e\xcf\x65\x99\x5f\x13\xbf\x4a\x3c\xcc\x45\xa6"
	"\xb4\x88\x35\xa1\x1d\x38\x3a\xf5\xe6\x67\xbb\x3f\x74\xea\x36\x95"
	"\x94\x27\xb0\xa7\x86\xc0\xe4\x85\x94\xbd\x91\x79\xea\x6a\xb8\x20"
	"\x32\x50\x45\xb9\x90\x12\x77\x38\x8b\x03\x82\x55\x95\x79\x5b\x6f"
	"\x23\xc2\xa6\x50\xe6\xb1\x23\x38\x76\xf8\xbe\x9f\x96\x8a\xd1\x8e"
	"\xd7\x85\x52\x79\xa2\x7c\x16\xb2\xcc\x5d\x12\xfe\x27\x4d\x22\xd5"
	"\x9b\x71\x14\xdc\x51\xe2\xe1\x2d\x08\x86\x65\xff\x25\xb1\xd4\xa6"
	"\x09\xbd\x5f\xcb\xe7\xed\xd8\x4e\xf3\x38\x75\xa1\xdb\x7d\xb6\x42"
	"\xab\xb0\x1e\xaf\xff\xe2\x99\xc3\xa5\x68\x2e\x8d\xc0\xed\x87\x67"
	"\x05\x82\x1a\xdf\xcf\xfd\x1f\x96\x89\x4a\x4f\x4c\x56\x46\x97\x92"
	"\x7a\x8e\x4a\x4b\x15\x16\xfb\xc3\xf1\x67\xcf\x2b\xfe\x7a\x7f\x7a"
	"\x52\x6b\xad\x39\x44\xfe\x26\xf3\x23\x52\x21\xac\x8a\x44\x42\x34"
	"\x4c\xb9\xf4\x48\x43\x87\x88\x18\xf5\x8a\x57\x8a\x81\xb9\x35\xef"
	"\x20\x49\x63\xcc\x66\x4c\x47\x65\x50\x54\xf1\x0c\x95\xdd\x84\x7c"
	"\x19\xe4\x33\xa9\xb5\x17\x94\x05\xaa\xec\xa6\xd0\x0f\x03\x18\x26"
	"\x43\x78\xae\x12\xe9\x9a\x78\x19\x9a\xeb\x73\xa1\xe9\x18\x34\xaa"
	"\x75\xd8\xa5\x80\x28\x69\xd4\x46\xd9\xae\x45\x09\x74\x14\xaf\x6e"
	"\x04\xd3\x19\x9f\xca\x4e\x57\xb3\x10\x26\x4e\x22\x68\x9b\x1c\xd4"
	"\x69\xc5\x04\x8b\xb4\x58\x4a\x17\x40\x5e\x8a\x65\x75\xd5\xba\xeb"
	"\xca\x66\x28\xb4\xf4\x28\x20\xd0\xcb\xbb\x17\x5b\x27\x02\x26\xc3"
	"\xa6\x7a\x01\xfb\xf7\x73\xbf\xd5\x67\x2b\x37\x5e\xb7\xbe\x01\x2f"
	"\xc0\xe3\xd2\xfc\x9c\x34\xec\x8a\x48\xdf\x35\x8c\x4b\x9e\xde\xb4"
	"\x35\xa8\xb8\x56\x7a\xe8\xc5\xff\xfe\xaa\xf6\xef\xe5\xfd\xcb\x93"
	"\x16\xb0\x61\x9e\xa1\x79\x22\x4f\xba\xaf\xf1\x29\x70\xbb\xcc\xa3"
	"\x05\xf4\x80\x30\x4f\xa9\xdb\x1b\xd8\x71\x60\x63\xf2\xe2\x05\xb1"
	"\xbe\xe0\xfc\xdd\x62\xc4\x34\xb3\x31\xa5\x81\x6f\xd7\x2c\xc8\xfd"
	"\x4b\xd7\x29\x10\x0f\xcc\x38\xcf\x2e\xfe\x2c\x02\xb6\x56\x4f\xf5"
	"\x42\x43\xec\x97\x8f\xf5\xc3\xa8\x09\xb7\xd6\x96\xf6\xb6\x5a\x1b"
	"\x7e\xe4\x5d\xdd\xbe\xb1\x56\x2b\xdf\x4f\xae\xec\x1a\xc0\x61\x85"
	"\x49\x3b\xb8\x2c\x0e\xd0\x65\x5f\xeb\xfd\xfa\xf6\xba\x7b\xc1\xeb"
	"\x1b\x6f\xbf\xf7\xf6\xef\xa7\xe2\x47\x01\x7f\x14\xa7\x87\x3f\xfe"
	"\xf8\xe3\xb7\xf6\x79\x9b\x66\x70\x68\x66\xfe\xc6\x17\x5d\xd3\xc3"
	"\x10\xc9\x48\x5f\x83\x57\x0b\xb9\xbd\x55\x44\xb0\x31\xc5\xb7\x09"
	"\x23\x7c\x16\x14\xad\xb4\x98\x75\x6c\xb4\x69\xbc\x3e\x9b\xc5\xcc"
	"\x7e\xc5\x58\x00\x0e\x50\xc7\x47\x58\x16\x23\x07\x23\x02\xe8\xf9"
	"\x2b\x75\xc1\x38\x7c\x2c\xe1\x67\x56\x4f\xd0\x1f\x85\x15\x80\x96"
	"\x2f\x7a\xe7\xbe\xf4\x03\xed\x41\x22\xa7\x8e\x5c\xc7\xf5\x49\x29"
	"\xcf\x6b\xe8\x15\xe0\x3a\x84\xef\x63\x36\xbc\x14\xf8\xe9\x38\xec"
	"\xa8\xfc\x4a\x9d\x10\xdd\x27\x00\xfc\xb7\xf6\xd3\x59\x2c\xfc\xf6"
	"\xee\x7b\xc1\x4c\x3e\x2b\xaa\x83\xb8\xc8\xda\x2f\x42\x6f\x21\xd0"
	"\x35\xab\xba\x26\xbb\xb4\xf8\x71\x2d\x62\xb1\x46\xe3\xa6\xd0\x09"
	"\x11\x48\x38\x41\xdb\x7e\x90\xba\x39\x71\xd6\xcb\xb9\x83\xb0\x51"
	"\xe5\x7e\x6d\xf4\xe0\x45\x19\x54\xa5\x9b\x82\x2a\xa6\x46\x82\x47"
	"\x11\x0c\x33\x8c\x66\xb5\x27\x8d\xfb\x5a\x21\x29\x15\x61\x05\x51"
	"\xff\x46\x74\x98\x70\xca\x25\x77\x53\xb2\x61\x29\x9d\x30\xa9\x1c"
	"\x66\x39\x77\x81\x05\x42\xbf\x28\x22\x28\x24\x54\x78\x19\x67\x49"
	"\xa0\x8e\xfd\xcc\xaf\xfc\xf0\xcc\x92\x58\x39\x7e\x18\xe9\x2b\x4e"
	"\xcd\x56\xf9\xb3\x29\xac\x61\xb7\x6f\x5a\x7e\x79\x20\x02\x66\x76"
	"\x5d\x43\x50\xb1\x52\xf4\x4e\x21\x69\x42\xb6\x42\x76\xeb\x26\xa7"
	"\x86\x4c\x52\x61\xc4\x0c\x35\x12\x34\xcd\x1c\x17\xae\x79\xed\x43"
	"\x87\x44\xee\x5d\x16\x27\x44\x0e\x6e\x39\x9a\xa9\xc6\x56\xcc\xf3"
	"\x48\xf1\xe4\xdd\xe8\x22\x65\xc9\xd2\x4c\x53\xc9\x61\xf3\x6a\xb7"
	"\x68\x14\xa0\x58\x81\xd0\x8d\x73\x60\xe4\x41\x68\x8a\x53\x4f\x23"
	"\x41\xb3\x98\x9c\x84\x48\x29\x99\x79\xa1\x87\x91\x2c\x5f\x54\xa5"
	"\xd4\x4c\x5a\xb2\x6c\xb7\x99\x59\x34\x95\x11\x4b\xab\x40\x27\x95"
	"\x70\x86\x31\x72\x24\x7d\xc3\x8b\x01\xa7\x0f\xce\x38\x71\xcb\x51"
	"\x1a\xd1\x9b\xd7\xa2\x2f\x1f\xb4\x53\x56\xcd\x5b\x3b\xa5\xd6\xaf"
	"\xc4\x21\x22\x8f\x53\x60\x7c\x54\x05\x89\xcb\x75\xe9\x0d\xf0\x38"
	"\xf3\x0f\x14\xd4\x45\xa2\x18\x82\x0e\x82\xe5\x2d\x4c\x20\x03\x41"
	"\x53\xbc\xad\xa4\x21\x45\xd7\x60\x23\xcb\xa1\x2e\x87\x93\xf0\xf9"
	"\x96\xaf\x6d\x45\x04\x1c\xb0\x96\xaf\xad\x92\xfd\xe1\x40\x81\xa1"
	"\x80\x3d\x52\x3a\x9e\x44\x71\x33\x46\x65\xf5\x9c\x45\xb0\xbc\x51"
	"\x00\x2f\x5f\x20\xce\xfd\x33\x39\xcc\xaf\x4e\x42\xc5\x29\x75\x74"
	"\xcf\x2c\x58\xc9\x3c\x5c\x32\xaa\x8d\xb6\x2b\x56\x92\xb8\x8c\x8f"
	"\x58\x0e\xe5\x65\x6e\xcc\x92\x79\xeb\x99\x46\xd9\xec\x1f\xb9\x06"
	"\xb6\x33\x58\xcc\xcb\x90\xa5\x44\x6e\xa5\xcb\x2c\xff\x17\x94\xd0"
	"\x4a\x38\x15\x12\xfa\xe4\x50\x43\xe8\x03\xe3\x8a\x42\x8a\xb4\xbb"
	"\x10\xde\xa5\x58\xaa\xaa\xbf\x8c\xaf\xa4\x87\x4f\xaa\x4f\x37\x41"
	"\xc6\xbb\x2a\xfd\x00\xb0\xee\x94\x6e\x22\x64\x92\xed\x31\x2b\x79"
	"\xd2\xf7\x17\xa9\xdf\xc9\x8a\xb7\x93\x76\xc8\x62\x13\xe5\xf1\x0f"
	"\x02\x02\x91\x48\x58\x92\x90\xe8\xac\xe2\x7f\x24\x97\xd4\x71\xd8"
	"\xce\xd0\x1d\xa7\x23\x1c\x33\x2a\x27\xb0\x43\xbb\xc9\x94\xdf\x3a"
	"\x8d\x2b\x56\x71\x3c\xec\xd6\xf5\xc9\x26\x2d\xfd\x8d\x97\x87\x49"
	"\x47\x9b\x33\x39\x29\x96\x7e\x90\x50\xa3\x23\xe9\x56\x40\x98\x11"
	"\xb1\xeb\x24\x81\xd4\xd1\xcd\x69\x7c\xc6\xb3\x90\x75\x54\x24\xcf"
	"\xb9\x47\xa3\x29\x48\x94\x4b\x19\x17\xb1\xa3\xad\x54\x3e\x5a\x35"
	"\xfe\x44\x82\x4b\xf5\x71\x81\xe2\x78\x9c\xdc\x75\xd4\x3f\xe9\x68"
	"\x5c\xa7\x87\xac\xea\x67\xe9\xf0\xd1\x51\x03\x5a\xb9\x59\x8e\x13"
	"\x43\xaf\x88\x95\x7f\xd7\x35\x48\x61\xdc\xd1\x87\xa1\x1f\x92\x4a"
	"\x89\xea\x1b\x28\x5c\x50\x99\xaa\xfd\x90\x8e\xca\x89\xda\x9f\x68"
	"\x2b\x95\x44\x70\x3a\xa7\x79\x42\xfa\x3c\x0a\x86\xa1\x02\xaf\xe8"
	"\x3c\x16\x5e\xe3\x72\x01\xfe\xee\xd2\xd9\xe4\x33\xa9\x9d\x00\x99"
	"\x3a\xe3\x5f\xfd\xf2\x62\xc7\x45\x2b\x3a\x33\xeb\x34\x6a\x2a\x1f"
	"\x74\x70\xdf\x72\xa1\xdc\xbc\x7d\x4f\x73\xc5\x86\x95\x96\x64\xb8"
	"\x8c\xb6\x64\xe0\x90\x06\x95\xdc\xa0\x08\x1d\x6a\x22\x03\xc9\x57"
	"\xdc\x06\xf7\xd2\x8e\xe2\x94\x3c\x85\x2d\x92\x9c\x09\x1c\xfc\xc2"
	"\xef\x12\x61\x6e\x37\x5d\xf2\x65\xc0\x17\x51\xa9\xc8\xeb\xfa\xa6"
	"\x1f\xc4\x2e\xbd\xf5\x60\x07\x08\x4c\x85\xda\x0e\xca\x59\x3c\xbc"
	"\x1f\xf1\x02\xd5\xff\x1a\xbb\xb6\xe5\xb6\x59\x20\xfc\x2a\x9e\xbc"
	"\x40\x63\xe7\xe4\x5e\xe4\x02\x21\x6c\xd3\xe8\x54\x90\x12\xdb\x37"
	"\x1a\x37\x75\x1a\xcf\xb4\x76\xc7\x71\xa6\xed\xff\xf4\x3f\x8b\x0e"
	"\x06\xb1\xd0\xce\x64\x92\xc9\xee\x27\x40\x08\x76\x97\x65\x59\x9c"
	"\xdd\x01\x18\xb3\x66\x68\xd2\xaa\x09\x78\x25\xd6\x32\x0d\xa4\x8f"
	"\x92\xd0\x60\x9a\x29\x04\xc8\x24\x4f\xe0\x4b\x5b\x84\x27\x89\x93"
	"\x8e\xce\x51\xda\xc6\x0b\x51\x8c\x3a\x5e\xd4\xb9\xaa\x4f\xef\x81"
	"\xf8\x0e\x51\x36\x01\x0c\x4a\xe7\x30\xa9\x0f\xfa\x28\x31\x89\x2e"
	"\x5c\x7b\xa4\x5e\x86\xb5\x5a\xb0\xc3\x1b\x01\x58\x48\x90\x71\xff"
	"\xe8\x93\xfa\xad\x2d\x2a\x38\x33\x10\x6e\x10\x1e\x77\xd4\x15\xd4"
	"\xc6\x48\xa0\x95\x74\xf1\x13\xcb\x99\x48\xc3\xef\x3c\xf4\x86\x74"
	"\x6b\x0a\x99\x42\x82\xb4\x02\x22\x7e\x6a\x12\xc7\xe2\xfe\x6a\x72"
	"\x77\x3b\xb5\x66\xef\x82\x08\xb5\x06\x56\xfd\x0f\x02\x15\xe4\x69"
	"\xb3\x18\x22\x4d\x40\x5b\x8f\x1c\x80\xac\x70\x29\xa7\x04\x58\x53"
	"\xc9\xc2\xb3\xc5\xa6\x16\x94\x3a\x48\x57\xe6\x95\xa0\x9e\xbb\x77"
	"\x40\x6e\x42\x69\x4a\x38\xb2\x46\xcf\x19\xdf\x05\x63\xeb\x1e\xb8"
	"\xbf\xf8\xd0\x84\xfa\xd5\xdb\xdf\xa7\x0f\x5f\x76\xfb\x0f\x9b\xed"
	"\xb6\x7e\x3e\x1c\xb7\xf5\xcb\xe1\xf8\x6b\x73\xd4\x67\x72\x86\x7d"
	"\xa7\x34\x32\xcf\xaa\x25\xfa\x05\x5a\x9e\xde\xd2\x2a\x88\x37\x39"
	"\xeb\x10\x1e\x73\x39\xd4\x7b\x5e\x28\xd3\x49\xcc\xdc\x61\xd7\x23"
	"\xc8\x23\x6d\xbc\xf0\x01\x8c\xf6\x0f\xaa\x05\x2a\x1c\x2b\x19\xfa"
	"\x2d\x1d\xb0\xe4\xb1\x1a\xbb\x5a\xf7\x82\x8a\x97\xf7\x1f\xb1\x57"
	"\x49\x7d\x59\x44\x7b\x88\x32\x69\xf2\x55\x1e\xc6\x90\x42\x75\x5b"
	"\xea\xf1\xe9\xf6\xa8\x24\x27\x71\xc1\xb3\x30\x68\x45\xec\x3b\xb3"
	"\x0c\x03\x6d\x3e\x9c\xa7\x3d\xf1\x1c\x49\x1e\x7a\xb4\x26\x55\xcc"
	"\x2d\xd9\xc6\x3d\xf7\x73\x31\x74\x27\xa2\x5b\x56\x85\xc6\x94\x83"
	"\x19\xe4\xdc\xf1\xc0\xee\x2f\xde\xb6\xdf\x77\xfb\xf7\xdf\x17\x83"
	"\xfd\x5e\x35\x98\xf5\x81\xd9\xb3\xec\x36\x77\xa9\x76\xfb\x1d\xa4"
	"\x10\xd9\xfd\xb7\x69\x13\xee\xf4\xaf\xcc\x5b\xa3\xc1\x59\x9b\x19"
	"\x2c\x58\x6f\xa9\x09\xa5\x2c\xdf\xcc\x63\x14\x5b\xd0\x35\xf3\xc4"
	"\x11\x68\x9c\x3e\x49\x00\x1a\x0a\xbf\x26\xdb\x01\xcf\xc0\xd0\xc6"
	"\xb1\x7d\x4c\xa4\xd2\x18\x7d\x66\x65\x7a\xfc\xf3\xf3\x74\x18\xc1"
	"\x34\x1f\x1d\x8e\xa3\xd7\xed\xf7\x9f\xfa\xd0\x92\x05\x86\xc3\x0c"
	"\x56\x96\x70\x8b\x3c\x71\xe9\x8c\xc4\x28\xd1\x85\xaa\xa5\x25\xe5"
	"\xc5\xc2\x14\x51\x43\x8e\xfb\x10\x4c\x3e\x94\xe8\x42\x85\xe5\xf2"
	"\xe8\x69\x28\xb0\xdf\x8e\x77\x9a\xee\x6d\x09\xf1\xb5\xfe\xa1\x28"
	"\x10\x34\x98\x01\x48\xd5\xd2\xca\x59\xde\x52\x63\xcf\xad\x24\x0d"
	"\x97\xd1\x78\xe1\xfd\xb8\x70\x82\x45\x29\x11\xb7\x55\x2d\x7d\x82"
	"\x54\x37\xbc\xd2\x1e\x7d\xb0\x93\xcd\xda\x5e\x92\x4e\xf1\xf3\xd9"
	"\x78\x32\x4d\xab\xc4\x61\x64\x55\x82\x13\xb1\x96\x14\xfa\xaf\xbf"
	"\x2d\xa0\xd5\x3f\x57\xac\x62\x4e\x89\xfa\x4f\x8c\x14\x99\x36\x1c"
	"\x7f\x99\xa4\x2a\x17\xca\x98\x42\x1e\xf5\xf8\x90\x5b\xae\xe4\x69"
	"\xdc\x4d\x25\xf2\x7e\x7a\x85\x24\x09\xcf\x9b\xd3\xf6\xeb\x88\xed"
	"\x9f\x61\x6a\xc1\x65\x66\xbf\x76\xa7\xd7\x11\x79\x7b\x3b\x3c\xef"
	"\x34\x2b\xde\x9c\x36\xce\x14\xa3\x34\x75\xfb\x13\xa1\xd1\x05\x51"
	"\x3f\x93\xcb\x22\x4f\x56\x70\xc9\xb1\x03\x90\xec\x33\x7f\x74\xa8"
	"\x4c\x3d\xa4\x64\xc4\x63\xd7\xd8\x48\x67\x18\xfb\x71\xf8\x6a\xde"
	"\xa7\xd9\x55\x11\x51\xb7\xda\x52\x20\x34\x89\xd4\x13\x21\x9d\x98"
	"\x88\xa7\xd0\x60\x2e\x54\x8d\xfe\x3e\x5e\xda\x6e\xa2\x6e\x82\xb1"
	"\x15\xe4\x9b\x0f\x15\x4b\x62\x4e\xb2\xb2\x72\x4f\x6a\x2e\x36\x6f"
	"\xaf\xbe\x77\x57\x9a\xdb\x15\x2d\x18\x71\xd9\x74\xd3\xb0\xd2\x47"
	"\xf4\x42\xcb\xdd\xb7\xed\xdb\xc9\xad\x4c\xd0\xab\x09\xd2\xd7\x40"
	"\x46\x8a\x8e\x12\xf2\xc0\x26\x51\xe8\x95\xd5\xa3\xe5\xf8\x32\xe6"
	"\x33\x7f\x77\xce\x51\xe9\x69\x0c\x27\x67\xf2\xc4\xd7\x01\xc1\x10"
	"\xa3\x8f\x70\x35\xdc\xc0\xb9\xe5\x89\x5a\xeb\x04\x5f\x1a\x8f\x3d"
	"\xe9\x8e\x0c\x84\x27\x5c\xf7\x8c\x98\xdc\xdc\xfe\x05\x71\x65\x27"
	"\x0a\x1b\x4c\x98\x05\x19\xbb\xb3\x48\xcd\xb1\x9b\x5b\x8c\x7c\x33"
	"\xc6\xbe\x8d\x62\x5c\x85\x1a\x51\xce\x85\xef\x7a\xc4\x4e\xac\x15"
	"\x37\x63\x37\x01\x0b\xdd\xfd\x7c\xb5\x0e\x50\xf7\xda\x14\x9b\x14"
	"\x8a\x3a\xb8\xe8\xc0\x41\x64\x55\xc4\x65\x40\x10\x0a\x7a\x8d\xa8"
	"\xe2\xfc\x09\xae\xc9\xf2\x32\xda\x4b\x79\x90\x16\x51\x92\xb2\x24"
	"\xe1\x24\x38\x68\x89\x2c\x6f\xfe\x06\xb8\xf5\xb7\x39\x46\xfb\x62"
	"\xe6\xa8\x11\x47\x84\x2c\xc8\xda\x13\x7c\xdf\x7d\x55\x92\x48\x12"
	"\x1a\x3b\x9d\x34\xc6\x46\x04\x63\xe1\xb2\x99\x28\x06\x97\x17\xb8"
	"\xba\x87\xf8\xab\x56\xab\x5b\xf4\x9b\xb4\xf4\xf3\x27\xe9\x43\x02"
	"\x21\x23\x8f\x65\xcf\xf6\xfd\x37\x83\xfd\x33\xa7\xa4\x64\x9d\x23"
	"\xef\x35\xbd\x9e\xf8\x1b\x95\xac\xaf\x31\xf1\xbf\xbe\x5e\x04\x05"
	"\xc1\x5a\xda\xca\xb9\x71\x70\x6f\xf6\x5f\x0f\x3f\x46\xd9\xfb\x8f"
	"\x2f\xdb\x63\x97\x0c\x73\x90\x00\xb3\x1f\xd5\x92\xd7\xb4\x10\xd9"
	"\x3c\x30\x4a\x44\x04\x3e\xbd\xac\x72\xde\x53\x73\x5a\x19\xef\x58"
	"\x61\x9a\xe7\x73\xb4\x9a\x20\x5a\x8a\x70\xe5\x4e\xbd\x9f\x38\x2c"
	"\x12\x18\xec\xe2\xda\x3e\x01\xc3\x24\xd3\x1b\x00\x7f\xab\xbf\x07"
	"\xca\xd6\x1c\xfd\x27\xb0\xf0\x04\x6f\x0c\x71\x64\x70\x42\xc5\x35"
	"\xbb\xeb\xf6\xae\x96\x61\x11\x8b\x27\xcc\x0b\x29\x57\x69\xca\xc0"
	"\x5d\xa4\x7d\x53\x70\xcb\x9f\x91\x25\xe4\xcc\x2c\xaa\x28\x69\x31"
	"\xb2\x8a\x6c\xd8\xf2\xe6\xf2\x63\x4d\x19\xb8\x42\x38\x84\xa2\x42"
	"\x0e\x1c\x69\xda\xbb\xc5\x03\x95\x77\x7d\xbc\x6d\xcf\x3d\x7b\xdf"
	"\x34\xbf\xf1\x21\xb3\x95\x27\x51\xdd\x1c\xdc\x32\x05\x6b\x4e\x81"
	"\xc3\x19\x6b\x5d\x19\x16\x47\x4c\x21\xe7\xe4\x8b\xb6\xfc\xde\x46"
	"\x2f\x90\x92\x65\xf7\x6d\xdf\x64\x31\xd2\xe1\xb7\xcd\xfe\xcc\xf9"
	"\x4c\x53\x09\x97\x54\x89\x4a\xb6\x9e\x3b\x61\x6d\xb4\xba\x7c\x79"
	"\x7f\x71\x61\x9d\x89\x02\x3e\x5b\x96\x82\x98\x9d\xe0\x73\x00\xe4"
	"\x59\x4c\xc4\x6a\x58\x1f\x8e\x6e\x8a\x56\x86\x06\x7d\xd0\xfb\x47"
	"\x08\xd8\xf2\x9e\xf6\x8b\x49\x4c\x7b\x36\x18\x5c\x59\x2a\x5d\xd7"
	"\xb0\x83\x22\x52\x69\xe6\xae\x22\x16\x54\xe0\x93\x1e\x86\x54\xa7"
	"\x2d\x1e\xb4\x1c\xc4\x7c\xba\x9a\xfc\x43\x8d\xa0\x67\xbb\x97\xf3"
	"\x70\xf0\xa6\x98\x6c\x30\xf9\xff\xa1\x0a\x40\x46\xc9\x43\xb0\xb0"
	"\x8c\xa9\xa5\xbf\x02\x05\xdf\xad\x55\x55\x1a\x1c\x34\x11\xfa\x62"
	"\x23\xcc\x50\x88\x78\x06\xc3\xa9\xd9\xfe\xea\xd4\x4b\xb2\xfb\x72"
	"\xdc\x1c\xff\x8c\x8e\x87\xf7\xd3\x6e\x6f\xda\xd5\x11\x2f\x05\x83"
	"\x7b\x2b\x19\x16\xd3\x89\x71\x1b\x3f\xb5\x19\x50\xdc\xe5\x89\x92"
	"\xa5\xc8\x68\xb1\xaa\x67\x22\x4f\xbb\x34\x05\x08\x24\x61\x99\x87"
	"\x9b\x31\x38\xee\xcd\xcd\x33\x73\x7d\x0e\x2a\xca\xe1\xb2\x2f\x52"
	"\xb8\x2c\xfb\x8a\x3f\xd5\x6a\x48\x0b\x40\xd3\x62\x49\x17\x4d\xd4"
	"\x99\x60\x33\x73\x20\x50\xf5\x65\x95\x68\xb7\x48\xe3\x5b\xfb\x03"
	"\xd2\xda\xb5\xd3\x2d\x36\x2f\xab\x1a\x5f\x78\x3a\x8b\x03\x18\xb3"
	"\x81\x68\xb6\x16\xa0\x84\x29\x8b\x56\x53\xe4\xd1\x86\xe3\x9b\x89"
	"\x1a\x42\xc4\x93\x4f\xc2\x34\x88\x88\xfb\x2c\x19\xea\x2d\xf8\x0e"
	"\x73\xba\xf3\xc8\x5d\x15\xd1\xa9\xf1\x01\xc0\xd9\xe8\xc6\xf9\x36"
	"\x64\xfd\x75\x9a\xbd\x16\x1f\xc4\xe1\x1a\xd9\xb0\x60\xf7\x29\xdc"
	"\x97\xfa\xe4\xac\xd2\x76\xb6\xbd\xa4\xa9\x8e\x15\x65\x9e\xa2\xb5"
	"\xa9\x31\xc3\xe8\xd7\x35\x4e\xb5\xd0\xe7\x9c\x35\x6b\x60\xe0\xe9"
	"\x6c\x34\xab\x8e\xe8\x27\xd4\x45\xda\x95\x56\xcf\xd7\x66\x0e\x3a"
	"\x83\xd1\x58\x71\x83\x59\x80\x6c\x6c\x08\x06\x71\xb6\x79\x92\xa7"
	"\x66\x1e\x14\x93\x0a\x3b\x54\x53\x0f\x4b\x55\x68\xb0\x60\xc7\x4f"
	"\x32\xf8\x80\x18\xad\x7e\x48\x0b\x94\x1e\xa5\x28\x79\x26\xcd\xcb"
	"\x35\x25\x5c\x27\xa7\xa4\x8a\x96\x3a\x82\xac\x4c\x49\x24\x61\xd6"
	"\xb3\xd4\x26\x0d\x6e\x11\x94\xf3\x24\x10\xe4\x06\x61\x1a\x59\x9e"
	"\x17\xc3\x1c\x33\x16\x00\xc2\xe8\x3d\x49\x68\x20\xf4\x41\x58\x82"
	"\x27\xfe\x6c\x0a\xbf\x24\xb7\x5c\x2a\xf0\x7f\x68\x88\x66\x89\x7d"
	"\x80\x99\x26\xeb\xba\x24\xb6\x57\x26\x17\xb1\x67\x65\x1e\x7b\x36"
	"\x68\x21\x4e\xab\xc8\x93\x04\x3b\x45\x52\x70\x35\xfe\x8d\x31\xcb"
	"\xa3\x59\x6c\x48\x3f\xc8\xdc\x26\xd8\x5c\x99\x13\xc2\xe8\xf9\x59"
	"\x9e\x95\x48\x2c\x19\x50\xa7\xbf\xc7\xb7\x03\x12\xa4\x69\x51\xef"
	"\xcc\x68\x69\x7f\x97\x5a\x16\x09\x7a\x0f\xa9\x84\xdc\x7a\x79\x32"
	"\x10\xdc\x3a\x4c\x1f\x6e\x76\x26\xdc\x18\xb0\xb2\x09\xd5\xb0\x13"
	"\xbe\xe9\x28\x11\xac\x9b\xff\x07\x57\x66\x58\x60\x4a\x28\x02\x00"
	""
MAGIC_END;
